gene	B	CD4	CD8	NK	cMono	ncMono
MICOS10	TRUE	TRUE	TRUE	TRUE	TRUE	FALSE
DDOST	TRUE	TRUE	TRUE	TRUE	TRUE	TRUE
CDC42	TRUE	TRUE	TRUE	TRUE	TRUE	TRUE
CCDC163	TRUE	TRUE	TRUE	TRUE	FALSE	FALSE
ECHDC2	TRUE	FALSE	FALSE	TRUE	TRUE	FALSE
LRRIQ3	TRUE	TRUE	TRUE	TRUE	FALSE	FALSE
GSTM4	TRUE	TRUE	TRUE	TRUE	TRUE	TRUE
CHI3L2	TRUE	TRUE	FALSE	TRUE	FALSE	FALSE
FCRL3	TRUE	TRUE	TRUE	TRUE	FALSE	FALSE
MGST3	TRUE	TRUE	TRUE	TRUE	TRUE	TRUE
KIAA0040	TRUE	TRUE	TRUE	FALSE	FALSE	FALSE
RGS16	TRUE	FALSE	FALSE	FALSE	FALSE	FALSE
FAM177B	TRUE	FALSE	FALSE	FALSE	FALSE	FALSE
SH3YL1	TRUE	TRUE	TRUE	FALSE	FALSE	FALSE
GPATCH11	TRUE	FALSE	FALSE	FALSE	FALSE	FALSE
CEBPZ	TRUE	TRUE	TRUE	TRUE	TRUE	FALSE
EML4	TRUE	FALSE	FALSE	FALSE	FALSE	FALSE
SOCS5	TRUE	FALSE	FALSE	FALSE	FALSE	FALSE
REL	TRUE	TRUE	TRUE	FALSE	FALSE	FALSE
C2orf74	TRUE	TRUE	TRUE	TRUE	TRUE	TRUE
PLEK	TRUE	FALSE	FALSE	TRUE	FALSE	TRUE
IGKV1D-13	TRUE	FALSE	FALSE	FALSE	FALSE	FALSE
KANSL3	TRUE	FALSE	FALSE	FALSE	FALSE	FALSE
AFF3	TRUE	FALSE	FALSE	FALSE	FALSE	FALSE
NCK2	TRUE	FALSE	FALSE	FALSE	FALSE	FALSE
GCC2	TRUE	TRUE	TRUE	TRUE	TRUE	FALSE
MYO7B	TRUE	FALSE	FALSE	FALSE	FALSE	FALSE
RBM43	TRUE	TRUE	TRUE	TRUE	FALSE	FALSE
WDSUB1	TRUE	TRUE	FALSE	FALSE	FALSE	FALSE
METTL8	TRUE	TRUE	FALSE	FALSE	FALSE	FALSE
ATP5MC3	TRUE	TRUE	FALSE	FALSE	TRUE	FALSE
PPIL3	TRUE	TRUE	TRUE	TRUE	TRUE	TRUE
CNOT9	TRUE	FALSE	FALSE	FALSE	FALSE	FALSE
HDLBP	TRUE	FALSE	FALSE	FALSE	FALSE	FALSE
DNASE1L3	TRUE	FALSE	FALSE	FALSE	FALSE	FALSE
CD96	TRUE	FALSE	FALSE	FALSE	FALSE	FALSE
EAF2	TRUE	FALSE	FALSE	FALSE	FALSE	FALSE
HSPBAP1	TRUE	TRUE	TRUE	FALSE	FALSE	FALSE
ZNF718	TRUE	TRUE	TRUE	TRUE	TRUE	FALSE
HTT	TRUE	TRUE	FALSE	TRUE	FALSE	FALSE
TMEM156	TRUE	TRUE	TRUE	TRUE	FALSE	FALSE
ARHGAP24	TRUE	FALSE	FALSE	FALSE	FALSE	FALSE
TIFA	TRUE	FALSE	FALSE	FALSE	FALSE	FALSE
USP53	TRUE	TRUE	FALSE	FALSE	FALSE	FALSE
RPS3A	TRUE	TRUE	TRUE	TRUE	TRUE	FALSE
GPM6A	TRUE	FALSE	FALSE	FALSE	FALSE	FALSE
CENPK	TRUE	TRUE	TRUE	TRUE	FALSE	FALSE
BTF3	TRUE	TRUE	FALSE	FALSE	FALSE	FALSE
NSA2	TRUE	TRUE	TRUE	TRUE	TRUE	FALSE
ERAP2	TRUE	TRUE	TRUE	TRUE	TRUE	TRUE
RPS14	TRUE	TRUE	TRUE	FALSE	FALSE	FALSE
ANXA6	TRUE	TRUE	TRUE	FALSE	TRUE	FALSE
GM2A	TRUE	TRUE	FALSE	FALSE	TRUE	FALSE
HIGD2A	TRUE	TRUE	TRUE	TRUE	TRUE	TRUE
BTNL9	TRUE	FALSE	FALSE	FALSE	FALSE	FALSE
LY86	TRUE	FALSE	TRUE	FALSE	FALSE	FALSE
DSP	TRUE	FALSE	FALSE	FALSE	FALSE	FALSE
GCNT2	TRUE	FALSE	FALSE	FALSE	TRUE	FALSE
RNF144B	TRUE	FALSE	FALSE	FALSE	TRUE	FALSE
CARMIL1	TRUE	TRUE	FALSE	FALSE	FALSE	FALSE
BTN3A2	TRUE	TRUE	TRUE	TRUE	TRUE	TRUE
HLA-F	TRUE	TRUE	TRUE	TRUE	FALSE	FALSE
HLA-C	TRUE	TRUE	TRUE	TRUE	TRUE	TRUE
HLA-B	TRUE	TRUE	TRUE	TRUE	TRUE	TRUE
HLA-DRB5	TRUE	TRUE	TRUE	FALSE	TRUE	TRUE
HLA-DRB1	TRUE	TRUE	TRUE	TRUE	TRUE	FALSE
HLA-DQA1	TRUE	FALSE	TRUE	TRUE	TRUE	TRUE
HLA-DQB1	TRUE	TRUE	TRUE	TRUE	TRUE	TRUE
HLA-DQA2	TRUE	TRUE	TRUE	TRUE	TRUE	TRUE
HLA-DQB2	TRUE	TRUE	TRUE	FALSE	TRUE	TRUE
HLA-DOB	TRUE	FALSE	FALSE	FALSE	FALSE	FALSE
HLA-DPA1	TRUE	TRUE	TRUE	FALSE	FALSE	FALSE
HLA-DPB1	TRUE	TRUE	FALSE	FALSE	FALSE	FALSE
RPS18	TRUE	TRUE	TRUE	TRUE	TRUE	FALSE
TAPBP	TRUE	TRUE	TRUE	TRUE	FALSE	FALSE
KHDRBS2	TRUE	FALSE	FALSE	FALSE	FALSE	FALSE
NT5E	TRUE	FALSE	FALSE	FALSE	FALSE	FALSE
RNGTT	TRUE	FALSE	FALSE	FALSE	FALSE	FALSE
TSTD3	TRUE	TRUE	TRUE	TRUE	TRUE	FALSE
SOBP	TRUE	FALSE	FALSE	FALSE	FALSE	FALSE
TSPYL1	TRUE	TRUE	FALSE	FALSE	FALSE	FALSE
CALHM6	TRUE	TRUE	TRUE	TRUE	TRUE	TRUE
HDDC2	TRUE	TRUE	FALSE	FALSE	TRUE	FALSE
L3MBTL3	TRUE	TRUE	FALSE	FALSE	FALSE	FALSE
AHI1	TRUE	TRUE	TRUE	TRUE	TRUE	FALSE
GSDME	TRUE	FALSE	FALSE	FALSE	TRUE	FALSE
PSPH	TRUE	TRUE	TRUE	TRUE	TRUE	TRUE
CHCHD2	TRUE	TRUE	TRUE	TRUE	TRUE	FALSE
ZNF107	TRUE	FALSE	FALSE	TRUE	TRUE	FALSE
CASTOR3P	TRUE	FALSE	FALSE	FALSE	FALSE	FALSE
LRWD1	TRUE	FALSE	FALSE	FALSE	FALSE	FALSE
POLR2J3	TRUE	TRUE	TRUE	FALSE	FALSE	FALSE
COG5	TRUE	TRUE	TRUE	TRUE	FALSE	FALSE
ERICH1	TRUE	TRUE	TRUE	FALSE	FALSE	FALSE
BLK	TRUE	TRUE	TRUE	FALSE	FALSE	FALSE
ANK1	TRUE	FALSE	FALSE	FALSE	FALSE	FALSE
ZC2HC1A	TRUE	TRUE	FALSE	FALSE	TRUE	FALSE
PKHD1L1	TRUE	FALSE	FALSE	FALSE	FALSE	FALSE
SAMD12	TRUE	TRUE	TRUE	TRUE	FALSE	FALSE
NAPRT	TRUE	TRUE	TRUE	TRUE	TRUE	TRUE
RPL8	TRUE	TRUE	TRUE	TRUE	TRUE	FALSE
ZNG1A	TRUE	TRUE	TRUE	TRUE	TRUE	TRUE
HACD4	TRUE	TRUE	FALSE	FALSE	FALSE	FALSE
CAAP1	TRUE	FALSE	FALSE	FALSE	FALSE	FALSE
NUDT2	TRUE	TRUE	TRUE	TRUE	TRUE	TRUE
GRHPR	TRUE	TRUE	TRUE	TRUE	TRUE	TRUE
RPL12	TRUE	TRUE	TRUE	TRUE	TRUE	TRUE
DYNC2I2	TRUE	FALSE	FALSE	FALSE	FALSE	FALSE
REXO4	TRUE	FALSE	FALSE	FALSE	FALSE	FALSE
LCN8	TRUE	FALSE	FALSE	FALSE	FALSE	FALSE
OPTN	TRUE	FALSE	FALSE	FALSE	TRUE	FALSE
PPA1	TRUE	TRUE	TRUE	TRUE	FALSE	FALSE
HSPA12A	TRUE	FALSE	FALSE	FALSE	FALSE	FALSE
IFITM2	TRUE	TRUE	TRUE	TRUE	TRUE	TRUE
IFITM1	TRUE	FALSE	FALSE	FALSE	FALSE	FALSE
IFITM3	TRUE	TRUE	TRUE	TRUE	FALSE	TRUE
SIGIRR	TRUE	FALSE	FALSE	FALSE	TRUE	FALSE
ARL14EP	TRUE	TRUE	TRUE	FALSE	FALSE	FALSE
TIMM10	TRUE	TRUE	TRUE	TRUE	TRUE	FALSE
PRPF19	TRUE	FALSE	FALSE	FALSE	FALSE	FALSE
FADS1	TRUE	TRUE	TRUE	TRUE	FALSE	FALSE
XRRA1	TRUE	TRUE	TRUE	TRUE	TRUE	TRUE
SIDT2	TRUE	FALSE	FALSE	FALSE	TRUE	TRUE
VWA5A	TRUE	FALSE	FALSE	FALSE	FALSE	FALSE
KLRK1	TRUE	FALSE	FALSE	FALSE	FALSE	FALSE
PRH1	TRUE	TRUE	TRUE	TRUE	FALSE	FALSE
DDX11	TRUE	TRUE	TRUE	TRUE	TRUE	TRUE
DIP2B	TRUE	TRUE	FALSE	FALSE	FALSE	FALSE
RPS26	TRUE	TRUE	TRUE	TRUE	TRUE	TRUE
ISCU	TRUE	TRUE	TRUE	TRUE	TRUE	FALSE
RHOF	TRUE	TRUE	FALSE	FALSE	FALSE	FALSE
DNAJC15	TRUE	TRUE	TRUE	TRUE	TRUE	TRUE
CCDC122	TRUE	TRUE	TRUE	FALSE	TRUE	FALSE
ITM2B	TRUE	FALSE	FALSE	FALSE	FALSE	FALSE
COMMD6	TRUE	TRUE	TRUE	FALSE	FALSE	FALSE
TMTC4	TRUE	TRUE	TRUE	FALSE	FALSE	FALSE
RNASE6	TRUE	FALSE	FALSE	FALSE	FALSE	FALSE
RBM23	TRUE	TRUE	TRUE	FALSE	FALSE	FALSE
RPL36AL	TRUE	TRUE	TRUE	TRUE	TRUE	TRUE
KTN1	TRUE	TRUE	TRUE	TRUE	TRUE	FALSE
ERG28	TRUE	FALSE	FALSE	FALSE	FALSE	FALSE
WARS1	TRUE	FALSE	FALSE	FALSE	FALSE	FALSE
PPP2R5C	TRUE	FALSE	FALSE	FALSE	FALSE	FALSE
NUDT14	TRUE	TRUE	TRUE	TRUE	TRUE	TRUE
IGHV4-61	TRUE	FALSE	FALSE	FALSE	FALSE	FALSE
IGHV1-69	TRUE	FALSE	FALSE	FALSE	FALSE	FALSE
IGHV1-69D	TRUE	FALSE	FALSE	FALSE	FALSE	FALSE
IGHV2-70	TRUE	FALSE	FALSE	FALSE	FALSE	FALSE
ULK3	TRUE	TRUE	TRUE	TRUE	TRUE	FALSE
TSPAN3	TRUE	FALSE	FALSE	FALSE	FALSE	FALSE
SAXO2	TRUE	TRUE	TRUE	TRUE	FALSE	FALSE
TUFM	TRUE	TRUE	TRUE	TRUE	TRUE	TRUE
ELP5	TRUE	TRUE	TRUE	TRUE	TRUE	TRUE
EIF5A	TRUE	TRUE	TRUE	TRUE	TRUE	FALSE
EVI2A	TRUE	TRUE	FALSE	FALSE	FALSE	FALSE
CCL4L2	TRUE	TRUE	TRUE	TRUE	FALSE	FALSE
ORMDL3	TRUE	TRUE	TRUE	TRUE	FALSE	FALSE
NT5C3B	TRUE	TRUE	TRUE	TRUE	TRUE	TRUE
NSF	TRUE	TRUE	TRUE	TRUE	TRUE	FALSE
XYLT2	TRUE	TRUE	FALSE	FALSE	FALSE	FALSE
SPATA20	TRUE	TRUE	TRUE	TRUE	TRUE	TRUE
TOB1	TRUE	TRUE	TRUE	TRUE	TRUE	FALSE
RAD51C	TRUE	TRUE	TRUE	TRUE	TRUE	FALSE
MILR1	TRUE	FALSE	FALSE	FALSE	TRUE	FALSE
ARL16	TRUE	TRUE	TRUE	TRUE	TRUE	TRUE
DCXR	TRUE	TRUE	TRUE	TRUE	TRUE	FALSE
ENOSF1	TRUE	TRUE	FALSE	FALSE	FALSE	FALSE
TPGS2	TRUE	TRUE	TRUE	TRUE	TRUE	FALSE
CYB5A	TRUE	FALSE	FALSE	FALSE	FALSE	FALSE
CNDP2	TRUE	FALSE	FALSE	FALSE	TRUE	FALSE
KDM4B	TRUE	FALSE	FALSE	FALSE	FALSE	FALSE
ZNF266	TRUE	TRUE	TRUE	TRUE	TRUE	FALSE
LRRC25	TRUE	FALSE	FALSE	FALSE	FALSE	FALSE
ZNF85	TRUE	TRUE	TRUE	TRUE	TRUE	FALSE
ZNF100	TRUE	TRUE	TRUE	TRUE	TRUE	FALSE
FXYD5	TRUE	FALSE	FALSE	FALSE	TRUE	FALSE
POLR2I	TRUE	TRUE	TRUE	TRUE	TRUE	FALSE
SNRPD2	TRUE	TRUE	TRUE	TRUE	TRUE	FALSE
CD37	TRUE	FALSE	FALSE	FALSE	FALSE	FALSE
HSPBP1	TRUE	TRUE	TRUE	TRUE	FALSE	FALSE
RPL28	TRUE	TRUE	TRUE	TRUE	TRUE	FALSE
ZNF749	TRUE	TRUE	TRUE	TRUE	TRUE	FALSE
CPNE1	TRUE	TRUE	TRUE	TRUE	TRUE	TRUE
MYBL2	TRUE	FALSE	FALSE	FALSE	FALSE	FALSE
PKIG	TRUE	FALSE	FALSE	FALSE	FALSE	FALSE
PLTP	TRUE	FALSE	FALSE	TRUE	FALSE	FALSE
OSBPL2	TRUE	FALSE	FALSE	FALSE	FALSE	FALSE
PPDPF	TRUE	TRUE	TRUE	TRUE	TRUE	TRUE
CCT8	TRUE	TRUE	TRUE	FALSE	FALSE	FALSE
MRPS6	TRUE	TRUE	FALSE	FALSE	FALSE	FALSE
CSTB	TRUE	TRUE	TRUE	TRUE	FALSE	FALSE
PWP2	TRUE	TRUE	TRUE	TRUE	FALSE	FALSE
GATD3	TRUE	TRUE	TRUE	TRUE	FALSE	TRUE
IGLJ3	TRUE	FALSE	FALSE	FALSE	FALSE	FALSE
ASCC2	TRUE	TRUE	TRUE	TRUE	TRUE	TRUE
LARGE1	TRUE	FALSE	FALSE	FALSE	FALSE	FALSE
SMDT1	TRUE	TRUE	TRUE	FALSE	TRUE	FALSE
CYB5R3	TRUE	FALSE	FALSE	TRUE	FALSE	FALSE
FAM118A	TRUE	TRUE	TRUE	TRUE	TRUE	TRUE
ARSA	TRUE	TRUE	TRUE	TRUE	TRUE	TRUE
BEX4	TRUE	FALSE	TRUE	FALSE	TRUE	FALSE
TCEAL4	TRUE	TRUE	TRUE	TRUE	FALSE	FALSE
SMIM10	TRUE	FALSE	FALSE	FALSE	FALSE	FALSE
TNFRSF18	FALSE	TRUE	FALSE	TRUE	FALSE	FALSE
SSU72	FALSE	TRUE	FALSE	FALSE	FALSE	FALSE
CDK11A	FALSE	TRUE	FALSE	FALSE	TRUE	FALSE
SLC35E2A	FALSE	TRUE	TRUE	FALSE	TRUE	FALSE
GNB1	FALSE	TRUE	FALSE	FALSE	FALSE	FALSE
PEX10	FALSE	TRUE	FALSE	FALSE	FALSE	FALSE
MMEL1	FALSE	TRUE	FALSE	FALSE	FALSE	FALSE
KCNAB2	FALSE	TRUE	TRUE	FALSE	TRUE	FALSE
NOL9	FALSE	TRUE	FALSE	FALSE	FALSE	FALSE
VAMP3	FALSE	TRUE	FALSE	FALSE	FALSE	FALSE
UTS2	FALSE	TRUE	FALSE	FALSE	FALSE	FALSE
PARK7	FALSE	TRUE	FALSE	TRUE	TRUE	FALSE
PRDM2	FALSE	TRUE	FALSE	FALSE	FALSE	FALSE
MUL1	FALSE	TRUE	FALSE	FALSE	FALSE	FALSE
NBPF3	FALSE	TRUE	TRUE	TRUE	TRUE	FALSE
RPL11	FALSE	TRUE	FALSE	FALSE	FALSE	FALSE
TMEM50A	FALSE	TRUE	FALSE	FALSE	TRUE	FALSE
LDLRAP1	FALSE	TRUE	TRUE	FALSE	FALSE	FALSE
ZNF593	FALSE	TRUE	FALSE	FALSE	TRUE	TRUE
CNKSR1	FALSE	TRUE	FALSE	FALSE	FALSE	FALSE
CD52	FALSE	TRUE	FALSE	FALSE	TRUE	TRUE
WDTC1	FALSE	TRUE	FALSE	FALSE	FALSE	FALSE
THEMIS2	FALSE	TRUE	TRUE	TRUE	TRUE	TRUE
RPA2	FALSE	TRUE	TRUE	FALSE	TRUE	FALSE
PHACTR4	FALSE	TRUE	FALSE	FALSE	TRUE	FALSE
SRSF4	FALSE	TRUE	FALSE	FALSE	FALSE	FALSE
PEF1	FALSE	TRUE	FALSE	FALSE	FALSE	FALSE
PTP4A2	FALSE	TRUE	TRUE	FALSE	FALSE	FALSE
LSM10	FALSE	TRUE	FALSE	FALSE	FALSE	FALSE
FHL3	FALSE	TRUE	FALSE	FALSE	TRUE	FALSE
NDUFS5	FALSE	TRUE	TRUE	TRUE	TRUE	TRUE
HPCAL4	FALSE	TRUE	FALSE	FALSE	FALSE	FALSE
PPIE	FALSE	TRUE	TRUE	TRUE	FALSE	FALSE
HIVEP3	FALSE	TRUE	FALSE	FALSE	FALSE	FALSE
SLC2A1	FALSE	TRUE	FALSE	FALSE	FALSE	FALSE
MED8	FALSE	TRUE	FALSE	FALSE	TRUE	FALSE
DMAP1	FALSE	TRUE	FALSE	FALSE	TRUE	FALSE
RPS8	FALSE	TRUE	TRUE	TRUE	FALSE	FALSE
MUTYH	FALSE	TRUE	FALSE	TRUE	FALSE	FALSE
CMPK1	FALSE	TRUE	FALSE	FALSE	FALSE	FALSE
BEND5	FALSE	TRUE	FALSE	FALSE	FALSE	FALSE
EPS15	FALSE	TRUE	FALSE	FALSE	FALSE	FALSE
DHCR24	FALSE	TRUE	FALSE	FALSE	FALSE	FALSE
ITGB3BP	FALSE	TRUE	FALSE	FALSE	TRUE	FALSE
LEPROT	FALSE	TRUE	TRUE	FALSE	TRUE	FALSE
LEPR	FALSE	TRUE	FALSE	FALSE	FALSE	FALSE
CTH	FALSE	TRUE	FALSE	FALSE	FALSE	FALSE
CRYZ	FALSE	TRUE	TRUE	FALSE	TRUE	FALSE
NEXN	FALSE	TRUE	FALSE	FALSE	FALSE	FALSE
FUBP1	FALSE	TRUE	FALSE	FALSE	FALSE	FALSE
GBP3	FALSE	TRUE	TRUE	TRUE	TRUE	TRUE
CDC7	FALSE	TRUE	FALSE	FALSE	FALSE	FALSE
GLMN	FALSE	TRUE	FALSE	FALSE	FALSE	FALSE
RWDD3	FALSE	TRUE	TRUE	FALSE	TRUE	FALSE
RTCA	FALSE	TRUE	FALSE	FALSE	FALSE	FALSE
SLC25A24	FALSE	TRUE	TRUE	TRUE	FALSE	FALSE
GSTM2	FALSE	TRUE	FALSE	FALSE	FALSE	FALSE
GSTM3	FALSE	TRUE	TRUE	TRUE	FALSE	FALSE
CAPZA1	FALSE	TRUE	TRUE	TRUE	FALSE	FALSE
CD101	FALSE	TRUE	TRUE	FALSE	TRUE	FALSE
NBPF26	FALSE	TRUE	TRUE	TRUE	TRUE	TRUE
SRGAP2C	FALSE	TRUE	TRUE	TRUE	TRUE	FALSE
NBPF12	FALSE	TRUE	FALSE	FALSE	FALSE	FALSE
CHD1L	FALSE	TRUE	TRUE	FALSE	TRUE	FALSE
PLEKHO1	FALSE	TRUE	FALSE	FALSE	FALSE	FALSE
PSMB4	FALSE	TRUE	TRUE	FALSE	FALSE	FALSE
TDRKH	FALSE	TRUE	FALSE	FALSE	FALSE	FALSE
THEM4	FALSE	TRUE	FALSE	FALSE	FALSE	FALSE
HAX1	FALSE	TRUE	TRUE	FALSE	FALSE	FALSE
ADAM15	FALSE	TRUE	FALSE	FALSE	FALSE	FALSE
RIT1	FALSE	TRUE	FALSE	FALSE	FALSE	FALSE
ISG20L2	FALSE	TRUE	FALSE	FALSE	FALSE	FALSE
PYHIN1	FALSE	TRUE	FALSE	FALSE	FALSE	FALSE
AIM2	FALSE	TRUE	FALSE	FALSE	FALSE	FALSE
TSTD1	FALSE	TRUE	TRUE	TRUE	TRUE	TRUE
USF1	FALSE	TRUE	FALSE	FALSE	TRUE	FALSE
ARHGAP30	FALSE	TRUE	FALSE	FALSE	FALSE	FALSE
ATF6	FALSE	TRUE	FALSE	FALSE	FALSE	FALSE
RCSD1	FALSE	TRUE	FALSE	FALSE	FALSE	FALSE
XCL1	FALSE	TRUE	TRUE	TRUE	FALSE	FALSE
F5	FALSE	TRUE	FALSE	FALSE	FALSE	FALSE
METTL18	FALSE	TRUE	FALSE	TRUE	TRUE	FALSE
VAMP4	FALSE	TRUE	TRUE	FALSE	FALSE	FALSE
PRDX6	FALSE	TRUE	TRUE	FALSE	FALSE	FALSE
SOAT1	FALSE	TRUE	TRUE	FALSE	FALSE	FALSE
NCF2	FALSE	TRUE	FALSE	FALSE	FALSE	FALSE
ARPC5	FALSE	TRUE	TRUE	TRUE	TRUE	FALSE
TSEN15	FALSE	TRUE	FALSE	FALSE	FALSE	FALSE
TPR	FALSE	TRUE	FALSE	FALSE	FALSE	FALSE
GLRX2	FALSE	TRUE	FALSE	FALSE	FALSE	FALSE
KIF14	FALSE	TRUE	FALSE	FALSE	FALSE	FALSE
DDX59	FALSE	TRUE	FALSE	FALSE	TRUE	FALSE
NAV1	FALSE	TRUE	FALSE	FALSE	TRUE	FALSE
LAX1	FALSE	TRUE	FALSE	FALSE	FALSE	FALSE
IKBKE	FALSE	TRUE	FALSE	TRUE	FALSE	FALSE
UTP25	FALSE	TRUE	FALSE	FALSE	FALSE	FALSE
PACC1	FALSE	TRUE	FALSE	FALSE	FALSE	FALSE
EPRS1	FALSE	TRUE	FALSE	FALSE	FALSE	FALSE
PYCR2	FALSE	TRUE	FALSE	FALSE	TRUE	FALSE
GALNT2	FALSE	TRUE	FALSE	FALSE	FALSE	FALSE
NTPCR	FALSE	TRUE	TRUE	TRUE	TRUE	FALSE
COA6	FALSE	TRUE	FALSE	FALSE	TRUE	FALSE
TARBP1	FALSE	TRUE	FALSE	FALSE	FALSE	FALSE
MTR	FALSE	TRUE	FALSE	FALSE	FALSE	FALSE
EFCAB2	FALSE	TRUE	TRUE	TRUE	TRUE	FALSE
SCCPDH	FALSE	TRUE	FALSE	FALSE	FALSE	FALSE
ACP1	FALSE	TRUE	FALSE	FALSE	FALSE	FALSE
TMEM18	FALSE	TRUE	TRUE	FALSE	FALSE	FALSE
TAF1B	FALSE	TRUE	FALSE	FALSE	FALSE	FALSE
PDIA6	FALSE	TRUE	FALSE	FALSE	FALSE	FALSE
LPIN1	FALSE	TRUE	FALSE	FALSE	FALSE	FALSE
TTC32	FALSE	TRUE	TRUE	FALSE	FALSE	FALSE
KRTCAP3	FALSE	TRUE	FALSE	FALSE	FALSE	FALSE
TOGARAM2	FALSE	TRUE	FALSE	FALSE	FALSE	FALSE
LCLAT1	FALSE	TRUE	TRUE	FALSE	FALSE	FALSE
COX7A2L	FALSE	TRUE	FALSE	FALSE	FALSE	FALSE
FOXN2	FALSE	TRUE	FALSE	FALSE	FALSE	FALSE
ACYP2	FALSE	TRUE	FALSE	FALSE	TRUE	FALSE
CLHC1	FALSE	TRUE	FALSE	FALSE	TRUE	FALSE
MDH1	FALSE	TRUE	FALSE	FALSE	FALSE	FALSE
ACTR2	FALSE	TRUE	FALSE	FALSE	FALSE	FALSE
GFPT1	FALSE	TRUE	FALSE	FALSE	FALSE	FALSE
PRADC1	FALSE	TRUE	TRUE	FALSE	FALSE	FALSE
ALMS1	FALSE	TRUE	FALSE	FALSE	FALSE	FALSE
MTHFD2	FALSE	TRUE	FALSE	FALSE	FALSE	FALSE
POLE4	FALSE	TRUE	FALSE	FALSE	TRUE	FALSE
CAPG	FALSE	TRUE	FALSE	FALSE	TRUE	FALSE
VAMP5	FALSE	TRUE	TRUE	FALSE	FALSE	TRUE
IMMT	FALSE	TRUE	FALSE	FALSE	FALSE	FALSE
CHMP3	FALSE	TRUE	FALSE	FALSE	FALSE	FALSE
ANKRD36B	FALSE	TRUE	FALSE	FALSE	FALSE	FALSE
ZAP70	FALSE	TRUE	FALSE	FALSE	FALSE	FALSE
TSGA10	FALSE	TRUE	TRUE	FALSE	TRUE	FALSE
TMEM87B	FALSE	TRUE	FALSE	FALSE	FALSE	FALSE
PSD4	FALSE	TRUE	FALSE	FALSE	TRUE	FALSE
PAX8	FALSE	TRUE	FALSE	FALSE	TRUE	FALSE
BIN1	FALSE	TRUE	TRUE	TRUE	TRUE	FALSE
LIMS2	FALSE	TRUE	FALSE	FALSE	FALSE	FALSE
MZT2B	FALSE	TRUE	FALSE	FALSE	FALSE	FALSE
MZT2A	FALSE	TRUE	TRUE	FALSE	TRUE	FALSE
ARHGAP15	FALSE	TRUE	FALSE	FALSE	FALSE	FALSE
NMI	FALSE	TRUE	TRUE	FALSE	FALSE	FALSE
PSMD14	FALSE	TRUE	FALSE	FALSE	FALSE	FALSE
CDCA7	FALSE	TRUE	FALSE	FALSE	FALSE	FALSE
OLA1	FALSE	TRUE	FALSE	FALSE	FALSE	FALSE
SESTD1	FALSE	TRUE	FALSE	FALSE	FALSE	FALSE
PMS1	FALSE	TRUE	FALSE	FALSE	FALSE	FALSE
NEMP2	FALSE	TRUE	TRUE	FALSE	FALSE	FALSE
HSPD1	FALSE	TRUE	FALSE	FALSE	FALSE	FALSE
FTCDNL1	FALSE	TRUE	FALSE	FALSE	TRUE	FALSE
SUMO1	FALSE	TRUE	FALSE	FALSE	FALSE	FALSE
ARPC2	FALSE	TRUE	TRUE	FALSE	FALSE	FALSE
SERPINE2	FALSE	TRUE	FALSE	FALSE	FALSE	FALSE
MFF	FALSE	TRUE	FALSE	FALSE	TRUE	FALSE
ITM2C	FALSE	TRUE	FALSE	FALSE	FALSE	FALSE
EIF4E2	FALSE	TRUE	FALSE	FALSE	FALSE	FALSE
USP40	FALSE	TRUE	FALSE	FALSE	FALSE	FALSE
UBE2F	FALSE	TRUE	FALSE	FALSE	FALSE	FALSE
NDUFA10	FALSE	TRUE	TRUE	FALSE	TRUE	FALSE
PASK	FALSE	TRUE	FALSE	FALSE	FALSE	FALSE
SEPTIN2	FALSE	TRUE	FALSE	FALSE	TRUE	FALSE
BRK1	FALSE	TRUE	TRUE	TRUE	TRUE	TRUE
TAMM41	FALSE	TRUE	FALSE	FALSE	TRUE	FALSE
OXNAD1	FALSE	TRUE	FALSE	FALSE	FALSE	FALSE
CMTM7	FALSE	TRUE	FALSE	FALSE	FALSE	FALSE
PDCD6IP	FALSE	TRUE	FALSE	TRUE	TRUE	TRUE
XYLB	FALSE	TRUE	FALSE	FALSE	FALSE	FALSE
ULK4	FALSE	TRUE	TRUE	FALSE	TRUE	FALSE
ZNF502	FALSE	TRUE	FALSE	FALSE	FALSE	FALSE
SACM1L	FALSE	TRUE	FALSE	TRUE	FALSE	FALSE
NME6	FALSE	TRUE	FALSE	FALSE	FALSE	FALSE
IP6K2	FALSE	TRUE	FALSE	FALSE	FALSE	FALSE
PPM1M	FALSE	TRUE	FALSE	TRUE	FALSE	FALSE
GLT8D1	FALSE	TRUE	FALSE	FALSE	FALSE	FALSE
CCDC66	FALSE	TRUE	TRUE	FALSE	TRUE	FALSE
ARHGEF3	FALSE	TRUE	TRUE	TRUE	FALSE	FALSE
LRIG1	FALSE	TRUE	FALSE	FALSE	FALSE	FALSE
TAFA1	FALSE	TRUE	FALSE	FALSE	FALSE	FALSE
CHMP2B	FALSE	TRUE	FALSE	FALSE	FALSE	FALSE
SENP7	FALSE	TRUE	FALSE	FALSE	FALSE	FALSE
ZBTB11	FALSE	TRUE	FALSE	FALSE	FALSE	FALSE
DZIP3	FALSE	TRUE	TRUE	TRUE	FALSE	FALSE
ABHD10	FALSE	TRUE	FALSE	FALSE	FALSE	FALSE
B4GALT4	FALSE	TRUE	FALSE	FALSE	FALSE	FALSE
IQCB1	FALSE	TRUE	FALSE	FALSE	TRUE	FALSE
MIX23	FALSE	TRUE	TRUE	FALSE	TRUE	FALSE
KALRN	FALSE	TRUE	FALSE	FALSE	FALSE	FALSE
SLC41A3	FALSE	TRUE	FALSE	FALSE	TRUE	FALSE
TPRA1	FALSE	TRUE	FALSE	TRUE	FALSE	FALSE
ACAD9	FALSE	TRUE	FALSE	FALSE	FALSE	FALSE
ANAPC13	FALSE	TRUE	TRUE	TRUE	TRUE	TRUE
PCCB	FALSE	TRUE	FALSE	FALSE	FALSE	FALSE
PXYLP1	FALSE	TRUE	FALSE	FALSE	TRUE	FALSE
ATP1B3	FALSE	TRUE	FALSE	FALSE	FALSE	FALSE
PFN2	FALSE	TRUE	FALSE	FALSE	FALSE	FALSE
EIF2A	FALSE	TRUE	TRUE	FALSE	FALSE	FALSE
LEKR1	FALSE	TRUE	FALSE	FALSE	FALSE	FALSE
GPR160	FALSE	TRUE	FALSE	FALSE	FALSE	FALSE
LSG1	FALSE	TRUE	FALSE	FALSE	FALSE	FALSE
TMEM128	FALSE	TRUE	TRUE	TRUE	TRUE	TRUE
NSG1	FALSE	TRUE	TRUE	TRUE	FALSE	FALSE
AFAP1	FALSE	TRUE	FALSE	FALSE	FALSE	FALSE
UGDH	FALSE	TRUE	FALSE	FALSE	TRUE	FALSE
PPAT	FALSE	TRUE	FALSE	FALSE	FALSE	FALSE
RCHY1	FALSE	TRUE	FALSE	FALSE	FALSE	FALSE
NAAA	FALSE	TRUE	TRUE	TRUE	FALSE	TRUE
ANTXR2	FALSE	TRUE	FALSE	FALSE	FALSE	FALSE
COQ2	FALSE	TRUE	FALSE	FALSE	FALSE	FALSE
MANBA	FALSE	TRUE	TRUE	FALSE	TRUE	FALSE
BDH2	FALSE	TRUE	FALSE	FALSE	FALSE	FALSE
MGST2	FALSE	TRUE	FALSE	TRUE	FALSE	FALSE
SCOC	FALSE	TRUE	FALSE	FALSE	FALSE	FALSE
ARFIP1	FALSE	TRUE	FALSE	FALSE	FALSE	FALSE
NEK1	FALSE	TRUE	FALSE	FALSE	FALSE	FALSE
AGA	FALSE	TRUE	FALSE	TRUE	TRUE	FALSE
CFAP97	FALSE	TRUE	TRUE	FALSE	FALSE	FALSE
UFSP2	FALSE	TRUE	FALSE	FALSE	FALSE	FALSE
CYP4V2	FALSE	TRUE	TRUE	FALSE	FALSE	FALSE
SDHA	FALSE	TRUE	FALSE	FALSE	FALSE	FALSE
EXOC3	FALSE	TRUE	TRUE	TRUE	FALSE	FALSE
SLC12A7	FALSE	TRUE	TRUE	TRUE	TRUE	TRUE
MRPL36	FALSE	TRUE	FALSE	FALSE	TRUE	FALSE
C5orf22	FALSE	TRUE	FALSE	FALSE	FALSE	FALSE
CCDC152	FALSE	TRUE	FALSE	FALSE	FALSE	FALSE
MRPS30	FALSE	TRUE	FALSE	FALSE	FALSE	FALSE
EMB	FALSE	TRUE	TRUE	FALSE	FALSE	FALSE
MTREX	FALSE	TRUE	FALSE	FALSE	FALSE	FALSE
ANKRD55	FALSE	TRUE	FALSE	FALSE	FALSE	FALSE
SETD9	FALSE	TRUE	TRUE	FALSE	TRUE	TRUE
ADAMTS6	FALSE	TRUE	TRUE	FALSE	FALSE	FALSE
TAF9	FALSE	TRUE	FALSE	FALSE	FALSE	FALSE
SMN2	FALSE	TRUE	TRUE	FALSE	FALSE	FALSE
ENC1	FALSE	TRUE	FALSE	TRUE	TRUE	FALSE
POC5	FALSE	TRUE	TRUE	FALSE	TRUE	FALSE
WDR41	FALSE	TRUE	TRUE	FALSE	TRUE	FALSE
TBCA	FALSE	TRUE	TRUE	FALSE	FALSE	FALSE
ZCCHC9	FALSE	TRUE	FALSE	FALSE	FALSE	FALSE
ATG10	FALSE	TRUE	FALSE	FALSE	TRUE	FALSE
ERAP1	FALSE	TRUE	TRUE	TRUE	TRUE	FALSE
RGMB	FALSE	TRUE	FALSE	FALSE	FALSE	FALSE
NUDT12	FALSE	TRUE	FALSE	FALSE	FALSE	FALSE
CDO1	FALSE	TRUE	FALSE	FALSE	FALSE	FALSE
MARCHF3	FALSE	TRUE	FALSE	FALSE	FALSE	FALSE
SLC22A5	FALSE	TRUE	TRUE	TRUE	TRUE	FALSE
SMAD5	FALSE	TRUE	FALSE	FALSE	FALSE	FALSE
CTNNA1	FALSE	TRUE	FALSE	FALSE	FALSE	FALSE
SRA1	FALSE	TRUE	TRUE	FALSE	TRUE	FALSE
LARS1	FALSE	TRUE	FALSE	FALSE	FALSE	FALSE
JAKMIP2	FALSE	TRUE	TRUE	FALSE	FALSE	FALSE
PCYOX1L	FALSE	TRUE	FALSE	FALSE	FALSE	FALSE
CCNG1	FALSE	TRUE	FALSE	FALSE	FALSE	FALSE
RAB24	FALSE	TRUE	FALSE	FALSE	FALSE	FALSE
PRELID1	FALSE	TRUE	FALSE	FALSE	FALSE	FALSE
TMED9	FALSE	TRUE	TRUE	FALSE	TRUE	FALSE
FAM153A	FALSE	TRUE	FALSE	FALSE	FALSE	FALSE
CANX	FALSE	TRUE	TRUE	TRUE	FALSE	FALSE
TBC1D9B	FALSE	TRUE	FALSE	FALSE	FALSE	FALSE
CNOT6	FALSE	TRUE	FALSE	FALSE	FALSE	FALSE
SCGB3A1	FALSE	TRUE	TRUE	FALSE	FALSE	FALSE
SERPINB6	FALSE	TRUE	FALSE	FALSE	TRUE	FALSE
NQO2	FALSE	TRUE	TRUE	TRUE	TRUE	TRUE
TUBB2A	FALSE	TRUE	TRUE	FALSE	FALSE	FALSE
LYRM4	FALSE	TRUE	FALSE	FALSE	FALSE	FALSE
MCUR1	FALSE	TRUE	FALSE	FALSE	FALSE	FALSE
H2BC4	FALSE	TRUE	FALSE	FALSE	FALSE	FALSE
H2AC8	FALSE	TRUE	FALSE	FALSE	FALSE	FALSE
H4C6	FALSE	TRUE	TRUE	FALSE	TRUE	FALSE
BTN2A2	FALSE	TRUE	TRUE	TRUE	TRUE	FALSE
BTN3A1	FALSE	TRUE	FALSE	FALSE	FALSE	FALSE
BTN2A1	FALSE	TRUE	FALSE	FALSE	FALSE	FALSE
ZFP57	FALSE	TRUE	TRUE	TRUE	FALSE	FALSE
HLA-A	FALSE	TRUE	TRUE	TRUE	TRUE	TRUE
POLR1H	FALSE	TRUE	TRUE	FALSE	TRUE	FALSE
PPP1R10	FALSE	TRUE	FALSE	FALSE	FALSE	FALSE
MRPS18B	FALSE	TRUE	FALSE	FALSE	FALSE	FALSE
VARS2	FALSE	TRUE	TRUE	FALSE	TRUE	FALSE
CCHCR1	FALSE	TRUE	FALSE	FALSE	FALSE	FALSE
RPS10	FALSE	TRUE	TRUE	FALSE	FALSE	FALSE
ETV7	FALSE	TRUE	TRUE	TRUE	FALSE	FALSE
PI16	FALSE	TRUE	FALSE	FALSE	FALSE	FALSE
CCDC167	FALSE	TRUE	TRUE	FALSE	FALSE	FALSE
MDGA1	FALSE	TRUE	FALSE	FALSE	FALSE	FALSE
SAYSD1	FALSE	TRUE	FALSE	FALSE	FALSE	FALSE
MRPS10	FALSE	TRUE	FALSE	FALSE	TRUE	FALSE
BICRAL	FALSE	TRUE	FALSE	FALSE	FALSE	FALSE
PEX6	FALSE	TRUE	FALSE	FALSE	TRUE	FALSE
MRPL14	FALSE	TRUE	FALSE	TRUE	TRUE	FALSE
SUPT3H	FALSE	TRUE	FALSE	FALSE	FALSE	FALSE
CENPQ	FALSE	TRUE	FALSE	FALSE	TRUE	TRUE
DST	FALSE	TRUE	FALSE	FALSE	FALSE	FALSE
SDHAF4	FALSE	TRUE	FALSE	FALSE	FALSE	FALSE
SMAP1	FALSE	TRUE	FALSE	TRUE	TRUE	FALSE
IRAK1BP1	FALSE	TRUE	FALSE	FALSE	FALSE	FALSE
BACH2	FALSE	TRUE	FALSE	FALSE	FALSE	FALSE
MANEA	FALSE	TRUE	TRUE	FALSE	TRUE	FALSE
PREP	FALSE	TRUE	FALSE	FALSE	FALSE	FALSE
MICAL1	FALSE	TRUE	TRUE	TRUE	FALSE	FALSE
DCBLD1	FALSE	TRUE	FALSE	TRUE	TRUE	FALSE
NCOA7	FALSE	TRUE	FALSE	FALSE	FALSE	FALSE
SAMD3	FALSE	TRUE	TRUE	FALSE	FALSE	FALSE
SLC18B1	FALSE	TRUE	TRUE	FALSE	TRUE	FALSE
IFNGR1	FALSE	TRUE	FALSE	FALSE	FALSE	FALSE
TXLNB	FALSE	TRUE	FALSE	FALSE	FALSE	FALSE
GINM1	FALSE	TRUE	FALSE	FALSE	FALSE	FALSE
RMND1	FALSE	TRUE	FALSE	FALSE	FALSE	FALSE
MTRF1L	FALSE	TRUE	FALSE	FALSE	FALSE	FALSE
GTF2H5	FALSE	TRUE	FALSE	FALSE	FALSE	FALSE
SFT2D1	FALSE	TRUE	FALSE	FALSE	TRUE	FALSE
RPS6KA2	FALSE	TRUE	FALSE	FALSE	FALSE	FALSE
RNASET2	FALSE	TRUE	TRUE	FALSE	FALSE	FALSE
FAM120B	FALSE	TRUE	FALSE	TRUE	TRUE	TRUE
RBAK-RBAKDN	FALSE	TRUE	TRUE	FALSE	TRUE	FALSE
KDELR2	FALSE	TRUE	TRUE	TRUE	TRUE	FALSE
UMAD1	FALSE	TRUE	FALSE	FALSE	FALSE	FALSE
BZW2	FALSE	TRUE	FALSE	FALSE	FALSE	FALSE
TOMM7	FALSE	TRUE	FALSE	FALSE	TRUE	TRUE
FAM221A	FALSE	TRUE	FALSE	FALSE	FALSE	FALSE
SKAP2	FALSE	TRUE	TRUE	TRUE	FALSE	FALSE
HIBADH	FALSE	TRUE	TRUE	FALSE	FALSE	FALSE
AOAH	FALSE	TRUE	TRUE	TRUE	TRUE	FALSE
TRGC2	FALSE	TRUE	TRUE	FALSE	FALSE	FALSE
TRGV10	FALSE	TRUE	FALSE	FALSE	FALSE	FALSE
TRGV8	FALSE	TRUE	FALSE	FALSE	FALSE	FALSE
TRGV5	FALSE	TRUE	TRUE	TRUE	TRUE	FALSE
TRGV4	FALSE	TRUE	TRUE	FALSE	FALSE	FALSE
TRGV3	FALSE	TRUE	FALSE	FALSE	FALSE	FALSE
COA1	FALSE	TRUE	FALSE	FALSE	FALSE	FALSE
POLM	FALSE	TRUE	FALSE	FALSE	FALSE	FALSE
SUMF2	FALSE	TRUE	TRUE	FALSE	FALSE	FALSE
ZNF736	FALSE	TRUE	FALSE	FALSE	FALSE	FALSE
ERV3-1	FALSE	TRUE	FALSE	FALSE	FALSE	FALSE
ASL	FALSE	TRUE	FALSE	FALSE	FALSE	FALSE
TYW1	FALSE	TRUE	FALSE	FALSE	FALSE	FALSE
TYW1B	FALSE	TRUE	TRUE	TRUE	TRUE	FALSE
METTL27	FALSE	TRUE	FALSE	FALSE	FALSE	FALSE
RHBDD2	FALSE	TRUE	FALSE	FALSE	FALSE	FALSE
POR	FALSE	TRUE	FALSE	FALSE	FALSE	FALSE
TMEM120A	FALSE	TRUE	TRUE	FALSE	FALSE	FALSE
STYXL1	FALSE	TRUE	TRUE	FALSE	TRUE	FALSE
POMZP3	FALSE	TRUE	FALSE	FALSE	TRUE	FALSE
CCDC146	FALSE	TRUE	TRUE	TRUE	FALSE	FALSE
FGL2	FALSE	TRUE	TRUE	TRUE	FALSE	FALSE
PTPN12	FALSE	TRUE	FALSE	FALSE	FALSE	FALSE
ABCB1	FALSE	TRUE	FALSE	FALSE	FALSE	FALSE
SRI	FALSE	TRUE	FALSE	FALSE	FALSE	FALSE
GTPBP10	FALSE	TRUE	FALSE	TRUE	FALSE	FALSE
ARPC1B	FALSE	TRUE	TRUE	TRUE	FALSE	FALSE
LAMTOR4	FALSE	TRUE	TRUE	FALSE	FALSE	FALSE
PILRB	FALSE	TRUE	TRUE	TRUE	TRUE	FALSE
ZNHIT1	FALSE	TRUE	TRUE	FALSE	TRUE	FALSE
THAP5	FALSE	TRUE	TRUE	FALSE	FALSE	FALSE
IMMP2L	FALSE	TRUE	FALSE	FALSE	FALSE	FALSE
AASS	FALSE	TRUE	FALSE	FALSE	FALSE	FALSE
METTL2B	FALSE	TRUE	TRUE	FALSE	TRUE	FALSE
KLHDC10	FALSE	TRUE	TRUE	FALSE	FALSE	FALSE
CPA5	FALSE	TRUE	TRUE	FALSE	FALSE	FALSE
COPG2	FALSE	TRUE	TRUE	FALSE	TRUE	FALSE
STMP1	FALSE	TRUE	FALSE	FALSE	FALSE	FALSE
ZC3HAV1	FALSE	TRUE	FALSE	FALSE	FALSE	FALSE
ADCK2	FALSE	TRUE	FALSE	FALSE	FALSE	FALSE
NDUFB2	FALSE	TRUE	FALSE	FALSE	FALSE	FALSE
TRBV4-1	FALSE	TRUE	TRUE	FALSE	FALSE	FALSE
TRBV6-1	FALSE	TRUE	FALSE	FALSE	FALSE	FALSE
TRBV4-2	FALSE	TRUE	FALSE	FALSE	FALSE	FALSE
TRBV6-2	FALSE	TRUE	FALSE	FALSE	FALSE	FALSE
TRBV7-2	FALSE	TRUE	FALSE	FALSE	FALSE	FALSE
TRBV7-3	FALSE	TRUE	FALSE	FALSE	FALSE	FALSE
TRBV10-1	FALSE	TRUE	FALSE	FALSE	FALSE	FALSE
TRBV10-2	FALSE	TRUE	FALSE	FALSE	FALSE	FALSE
TRBV6-5	FALSE	TRUE	FALSE	FALSE	FALSE	FALSE
TRBV11-3	FALSE	TRUE	FALSE	FALSE	FALSE	FALSE
TRBV12-4	FALSE	TRUE	TRUE	FALSE	FALSE	FALSE
TRBV28	FALSE	TRUE	TRUE	FALSE	FALSE	FALSE
TRBC1	FALSE	TRUE	FALSE	TRUE	FALSE	FALSE
TRBC2	FALSE	TRUE	TRUE	TRUE	FALSE	FALSE
TRBV30	FALSE	TRUE	FALSE	FALSE	FALSE	FALSE
EPHB6	FALSE	TRUE	FALSE	FALSE	TRUE	FALSE
EPHA1	FALSE	TRUE	FALSE	FALSE	FALSE	FALSE
ZNF746	FALSE	TRUE	TRUE	FALSE	FALSE	FALSE
ATP6V0E2	FALSE	TRUE	FALSE	FALSE	FALSE	FALSE
GIMAP7	FALSE	TRUE	FALSE	FALSE	TRUE	FALSE
WDR86	FALSE	TRUE	FALSE	FALSE	FALSE	FALSE
NCAPG2	FALSE	TRUE	FALSE	FALSE	FALSE	FALSE
ESYT2	FALSE	TRUE	FALSE	FALSE	FALSE	FALSE
MYOM2	FALSE	TRUE	FALSE	TRUE	FALSE	FALSE
ERI1	FALSE	TRUE	FALSE	FALSE	FALSE	FALSE
FDFT1	FALSE	TRUE	TRUE	FALSE	FALSE	FALSE
MTUS1	FALSE	TRUE	FALSE	FALSE	FALSE	FALSE
INTS10	FALSE	TRUE	FALSE	FALSE	FALSE	FALSE
ENTPD4	FALSE	TRUE	FALSE	FALSE	FALSE	FALSE
TRIM35	FALSE	TRUE	TRUE	FALSE	FALSE	FALSE
EXTL3	FALSE	TRUE	FALSE	FALSE	FALSE	FALSE
HMBOX1	FALSE	TRUE	FALSE	FALSE	TRUE	FALSE
FUT10	FALSE	TRUE	FALSE	TRUE	TRUE	FALSE
PLPBP	FALSE	TRUE	TRUE	FALSE	FALSE	FALSE
SMIM19	FALSE	TRUE	TRUE	TRUE	TRUE	FALSE
MTFR1	FALSE	TRUE	FALSE	FALSE	FALSE	FALSE
IMPA1	FALSE	TRUE	TRUE	FALSE	FALSE	FALSE
SNX16	FALSE	TRUE	FALSE	FALSE	FALSE	FALSE
CPNE3	FALSE	TRUE	FALSE	FALSE	FALSE	FALSE
OSGIN2	FALSE	TRUE	FALSE	FALSE	FALSE	FALSE
RAD54B	FALSE	TRUE	FALSE	FALSE	FALSE	FALSE
FSBP	FALSE	TRUE	TRUE	FALSE	FALSE	FALSE
DPY19L4	FALSE	TRUE	FALSE	FALSE	FALSE	FALSE
CPQ	FALSE	TRUE	FALSE	TRUE	FALSE	FALSE
EIF3H	FALSE	TRUE	FALSE	FALSE	FALSE	FALSE
TAF2	FALSE	TRUE	FALSE	FALSE	FALSE	FALSE
DEPTOR	FALSE	TRUE	FALSE	FALSE	FALSE	FALSE
NTAQ1	FALSE	TRUE	FALSE	FALSE	FALSE	FALSE
TRMT12	FALSE	TRUE	FALSE	FALSE	TRUE	FALSE
MTSS1	FALSE	TRUE	TRUE	FALSE	FALSE	FALSE
PLEC	FALSE	TRUE	FALSE	TRUE	FALSE	FALSE
CYC1	FALSE	TRUE	TRUE	FALSE	FALSE	FALSE
CPSF1	FALSE	TRUE	TRUE	TRUE	TRUE	FALSE
SLC39A4	FALSE	TRUE	FALSE	FALSE	TRUE	FALSE
VPS28	FALSE	TRUE	FALSE	FALSE	FALSE	FALSE
DOCK8	FALSE	TRUE	FALSE	TRUE	FALSE	FALSE
RLN1	FALSE	TRUE	TRUE	TRUE	FALSE	FALSE
PLGRKT	FALSE	TRUE	TRUE	TRUE	TRUE	FALSE
TTC39B	FALSE	TRUE	FALSE	FALSE	TRUE	FALSE
RRAGA	FALSE	TRUE	FALSE	FALSE	FALSE	FALSE
DENND4C	FALSE	TRUE	FALSE	FALSE	FALSE	FALSE
RPS6	FALSE	TRUE	FALSE	FALSE	FALSE	FALSE
B4GALT1	FALSE	TRUE	FALSE	FALSE	FALSE	FALSE
CHMP5	FALSE	TRUE	FALSE	FALSE	FALSE	FALSE
SIGMAR1	FALSE	TRUE	FALSE	FALSE	FALSE	FALSE
ZCCHC7	FALSE	TRUE	FALSE	FALSE	FALSE	FALSE
POLR1E	FALSE	TRUE	TRUE	FALSE	FALSE	FALSE
NMRK1	FALSE	TRUE	TRUE	TRUE	TRUE	FALSE
RFK	FALSE	TRUE	TRUE	FALSE	FALSE	FALSE
TLE4	FALSE	TRUE	FALSE	FALSE	TRUE	FALSE
RMI1	FALSE	TRUE	FALSE	FALSE	FALSE	FALSE
ISCA1	FALSE	TRUE	FALSE	FALSE	TRUE	FALSE
CTSL	FALSE	TRUE	FALSE	FALSE	FALSE	FALSE
SEMA4D	FALSE	TRUE	FALSE	FALSE	FALSE	FALSE
NIPSNAP3A	FALSE	TRUE	FALSE	FALSE	FALSE	FALSE
HSDL2	FALSE	TRUE	TRUE	TRUE	TRUE	FALSE
HDHD3	FALSE	TRUE	TRUE	FALSE	TRUE	FALSE
MEGF9	FALSE	TRUE	FALSE	FALSE	FALSE	FALSE
GSN	FALSE	TRUE	FALSE	FALSE	TRUE	FALSE
SLC2A8	FALSE	TRUE	FALSE	FALSE	FALSE	FALSE
ST6GALNAC4	FALSE	TRUE	FALSE	FALSE	TRUE	FALSE
MIGA2	FALSE	TRUE	FALSE	FALSE	FALSE	FALSE
C9orf78	FALSE	TRUE	TRUE	FALSE	FALSE	FALSE
RALGDS	FALSE	TRUE	FALSE	FALSE	FALSE	FALSE
ABO	FALSE	TRUE	FALSE	FALSE	FALSE	FALSE
SARDH	FALSE	TRUE	FALSE	FALSE	FALSE	FALSE
BRD3OS	FALSE	TRUE	FALSE	FALSE	FALSE	FALSE
INPP5E	FALSE	TRUE	FALSE	FALSE	FALSE	FALSE
PFKP	FALSE	TRUE	FALSE	FALSE	FALSE	FALSE
GDI2	FALSE	TRUE	TRUE	TRUE	TRUE	FALSE
NMT2	FALSE	TRUE	FALSE	FALSE	FALSE	FALSE
CUBN	FALSE	TRUE	FALSE	FALSE	FALSE	FALSE
TRDMT1	FALSE	TRUE	TRUE	FALSE	FALSE	FALSE
ARHGAP21	FALSE	TRUE	FALSE	FALSE	FALSE	FALSE
SVIL	FALSE	TRUE	FALSE	FALSE	FALSE	FALSE
PLD5P1	FALSE	TRUE	FALSE	FALSE	FALSE	FALSE
NCOA4	FALSE	TRUE	TRUE	TRUE	FALSE	FALSE
TMEM273	FALSE	TRUE	TRUE	TRUE	FALSE	FALSE
ERCC6	FALSE	TRUE	FALSE	FALSE	FALSE	FALSE
SRGN	FALSE	TRUE	FALSE	FALSE	FALSE	FALSE
HKDC1	FALSE	TRUE	FALSE	FALSE	FALSE	FALSE
SAR1A	FALSE	TRUE	TRUE	TRUE	FALSE	FALSE
SPOCK2	FALSE	TRUE	FALSE	FALSE	FALSE	FALSE
VCL	FALSE	TRUE	FALSE	FALSE	FALSE	FALSE
COMTD1	FALSE	TRUE	FALSE	FALSE	FALSE	FALSE
ANXA11	FALSE	TRUE	TRUE	TRUE	FALSE	FALSE
CCSER2	FALSE	TRUE	FALSE	TRUE	FALSE	FALSE
ACTA2	FALSE	TRUE	TRUE	TRUE	TRUE	TRUE
FRA10AC1	FALSE	TRUE	TRUE	FALSE	FALSE	FALSE
ENTPD1	FALSE	TRUE	TRUE	FALSE	FALSE	FALSE
MFSD13A	FALSE	TRUE	FALSE	FALSE	FALSE	FALSE
WBP1L	FALSE	TRUE	TRUE	FALSE	TRUE	FALSE
GSTO1	FALSE	TRUE	TRUE	TRUE	FALSE	FALSE
XPNPEP1	FALSE	TRUE	FALSE	FALSE	FALSE	FALSE
DENND10	FALSE	TRUE	FALSE	FALSE	FALSE	FALSE
SFXN4	FALSE	TRUE	TRUE	FALSE	TRUE	FALSE
EEF1AKMT2	FALSE	TRUE	TRUE	FALSE	TRUE	FALSE
UROS	FALSE	TRUE	FALSE	FALSE	FALSE	FALSE
MGMT	FALSE	TRUE	TRUE	TRUE	TRUE	FALSE
C10orf143	FALSE	TRUE	FALSE	FALSE	FALSE	FALSE
STK32C	FALSE	TRUE	TRUE	FALSE	FALSE	FALSE
LRRC27	FALSE	TRUE	FALSE	FALSE	FALSE	FALSE
NLRP6	FALSE	TRUE	FALSE	FALSE	FALSE	FALSE
PGGHG	FALSE	TRUE	TRUE	TRUE	FALSE	FALSE
EPS8L2	FALSE	TRUE	FALSE	FALSE	FALSE	FALSE
TMEM80	FALSE	TRUE	TRUE	FALSE	FALSE	FALSE
RPLP2	FALSE	TRUE	FALSE	FALSE	FALSE	FALSE
CD151	FALSE	TRUE	FALSE	FALSE	TRUE	TRUE
MRPL23	FALSE	TRUE	FALSE	FALSE	TRUE	FALSE
C11orf21	FALSE	TRUE	TRUE	FALSE	TRUE	FALSE
PPFIBP2	FALSE	TRUE	TRUE	TRUE	FALSE	FALSE
TRIM66	FALSE	TRUE	FALSE	FALSE	TRUE	FALSE
AKIP1	FALSE	TRUE	FALSE	FALSE	FALSE	FALSE
RNF141	FALSE	TRUE	FALSE	FALSE	FALSE	FALSE
COPB1	FALSE	TRUE	FALSE	FALSE	FALSE	FALSE
SAAL1	FALSE	TRUE	FALSE	FALSE	FALSE	FALSE
FANCF	FALSE	TRUE	FALSE	FALSE	FALSE	FALSE
CCDC34	FALSE	TRUE	FALSE	FALSE	FALSE	FALSE
CAT	FALSE	TRUE	FALSE	FALSE	FALSE	FALSE
HSD17B12	FALSE	TRUE	TRUE	TRUE	FALSE	FALSE
ACCS	FALSE	TRUE	TRUE	TRUE	TRUE	TRUE
FNBP4	FALSE	TRUE	FALSE	FALSE	FALSE	FALSE
MED19	FALSE	TRUE	FALSE	FALSE	FALSE	FALSE
	FALSE	TRUE	FALSE	FALSE	TRUE	FALSE
SDHAF2	FALSE	TRUE	FALSE	FALSE	FALSE	FALSE
TMEM258	FALSE	TRUE	TRUE	FALSE	FALSE	FALSE
INCENP	FALSE	TRUE	FALSE	FALSE	FALSE	FALSE
TRMT112	FALSE	TRUE	TRUE	TRUE	FALSE	FALSE
PRDX5	FALSE	TRUE	TRUE	TRUE	FALSE	FALSE
CCDC88B	FALSE	TRUE	FALSE	FALSE	FALSE	FALSE
RPS6KA4	FALSE	TRUE	FALSE	FALSE	FALSE	FALSE
FAU	FALSE	TRUE	FALSE	FALSE	FALSE	FALSE
RNASEH2C	FALSE	TRUE	FALSE	FALSE	FALSE	FALSE
CTSW	FALSE	TRUE	TRUE	TRUE	FALSE	FALSE
MRPL11	FALSE	TRUE	FALSE	FALSE	FALSE	FALSE
CCS	FALSE	TRUE	FALSE	FALSE	FALSE	FALSE
CORO1B	FALSE	TRUE	TRUE	TRUE	FALSE	FALSE
GSTP1	FALSE	TRUE	FALSE	TRUE	TRUE	TRUE
C11orf24	FALSE	TRUE	FALSE	TRUE	FALSE	FALSE
MRPL21	FALSE	TRUE	TRUE	FALSE	TRUE	FALSE
IGHMBP2	FALSE	TRUE	TRUE	FALSE	TRUE	FALSE
FAM86C1P	FALSE	TRUE	TRUE	FALSE	TRUE	FALSE
RAB6A	FALSE	TRUE	TRUE	TRUE	FALSE	FALSE
MRPL48	FALSE	TRUE	FALSE	FALSE	FALSE	FALSE
PAAF1	FALSE	TRUE	TRUE	FALSE	FALSE	FALSE
UCP2	FALSE	TRUE	FALSE	TRUE	TRUE	FALSE
GDPD5	FALSE	TRUE	FALSE	FALSE	TRUE	FALSE
CLNS1A	FALSE	TRUE	FALSE	FALSE	FALSE	FALSE
RSF1	FALSE	TRUE	FALSE	FALSE	FALSE	FALSE
INTS4	FALSE	TRUE	FALSE	FALSE	FALSE	FALSE
C11orf54	FALSE	TRUE	FALSE	FALSE	TRUE	FALSE
MRE11	FALSE	TRUE	TRUE	FALSE	FALSE	FALSE
ENDOD1	FALSE	TRUE	TRUE	FALSE	FALSE	FALSE
CARD17P	FALSE	TRUE	FALSE	FALSE	FALSE	FALSE
ACAT1	FALSE	TRUE	TRUE	TRUE	FALSE	FALSE
SDHD	FALSE	TRUE	FALSE	FALSE	FALSE	FALSE
TTC12	FALSE	TRUE	FALSE	FALSE	FALSE	FALSE
JAML	FALSE	TRUE	FALSE	FALSE	FALSE	FALSE
CD3G	FALSE	TRUE	FALSE	FALSE	FALSE	FALSE
TRAPPC4	FALSE	TRUE	TRUE	TRUE	TRUE	TRUE
HMBS	FALSE	TRUE	FALSE	FALSE	TRUE	FALSE
ARHGEF12	FALSE	TRUE	FALSE	FALSE	FALSE	FALSE
TBRG1	FALSE	TRUE	FALSE	FALSE	FALSE	FALSE
ROBO3	FALSE	TRUE	TRUE	FALSE	FALSE	FALSE
CCDC15	FALSE	TRUE	FALSE	FALSE	FALSE	FALSE
FLI1	FALSE	TRUE	FALSE	FALSE	FALSE	FALSE
TMEM45B	FALSE	TRUE	FALSE	FALSE	FALSE	FALSE
NFRKB	FALSE	TRUE	FALSE	FALSE	FALSE	FALSE
NINJ2	FALSE	TRUE	FALSE	FALSE	FALSE	FALSE
TAPBPL	FALSE	TRUE	TRUE	TRUE	TRUE	TRUE
TPI1	FALSE	TRUE	FALSE	FALSE	FALSE	FALSE
SPSB2	FALSE	TRUE	TRUE	TRUE	TRUE	FALSE
LRRC23	FALSE	TRUE	FALSE	TRUE	FALSE	FALSE
CLSTN3	FALSE	TRUE	TRUE	TRUE	TRUE	FALSE
PEX5	FALSE	TRUE	FALSE	FALSE	FALSE	FALSE
KLRB1	FALSE	TRUE	FALSE	FALSE	FALSE	FALSE
BCL2L14	FALSE	TRUE	FALSE	FALSE	FALSE	FALSE
BORCS5	FALSE	TRUE	FALSE	FALSE	FALSE	FALSE
HEBP1	FALSE	TRUE	TRUE	FALSE	FALSE	FALSE
GOLT1B	FALSE	TRUE	FALSE	FALSE	FALSE	FALSE
DNAI7	FALSE	TRUE	FALSE	FALSE	FALSE	FALSE
NELL2	FALSE	TRUE	FALSE	FALSE	FALSE	FALSE
FKBP11	FALSE	TRUE	FALSE	FALSE	FALSE	FALSE
COX14	FALSE	TRUE	FALSE	FALSE	FALSE	FALSE
LETMD1	FALSE	TRUE	FALSE	FALSE	FALSE	FALSE
CELA1	FALSE	TRUE	FALSE	FALSE	TRUE	FALSE
KRT73	FALSE	TRUE	FALSE	FALSE	FALSE	FALSE
KRT2	FALSE	TRUE	FALSE	FALSE	FALSE	FALSE
KRT1	FALSE	TRUE	FALSE	FALSE	FALSE	FALSE
ATP5MC2	FALSE	TRUE	FALSE	FALSE	FALSE	FALSE
SPRYD4	FALSE	TRUE	TRUE	TRUE	FALSE	FALSE
RBMS2	FALSE	TRUE	TRUE	TRUE	TRUE	FALSE
TSPAN31	FALSE	TRUE	FALSE	FALSE	FALSE	FALSE
EEF1AKMT3	FALSE	TRUE	FALSE	FALSE	FALSE	FALSE
ATP23	FALSE	TRUE	FALSE	FALSE	TRUE	FALSE
MON2	FALSE	TRUE	FALSE	FALSE	FALSE	FALSE
TMBIM4	FALSE	TRUE	FALSE	FALSE	TRUE	FALSE
YEATS4	FALSE	TRUE	TRUE	FALSE	TRUE	FALSE
GLIPR1L2	FALSE	TRUE	FALSE	FALSE	FALSE	FALSE
BTG1	FALSE	TRUE	FALSE	FALSE	FALSE	FALSE
EEA1	FALSE	TRUE	FALSE	FALSE	FALSE	FALSE
MRPL42	FALSE	TRUE	TRUE	TRUE	FALSE	FALSE
SOCS2	FALSE	TRUE	FALSE	FALSE	FALSE	FALSE
NDUFA12	FALSE	TRUE	TRUE	TRUE	TRUE	TRUE
CFAP54	FALSE	TRUE	FALSE	FALSE	FALSE	FALSE
SLC25A3	FALSE	TRUE	FALSE	FALSE	FALSE	FALSE
CHPT1	FALSE	TRUE	FALSE	FALSE	FALSE	FALSE
UQCC6	FALSE	TRUE	FALSE	FALSE	TRUE	FALSE
GLTP	FALSE	TRUE	FALSE	FALSE	TRUE	FALSE
HVCN1	FALSE	TRUE	FALSE	FALSE	FALSE	FALSE
COQ5	FALSE	TRUE	FALSE	FALSE	FALSE	FALSE
MORN3	FALSE	TRUE	FALSE	FALSE	FALSE	FALSE
TMEM120B	FALSE	TRUE	FALSE	FALSE	FALSE	FALSE
ZNF268	FALSE	TRUE	FALSE	FALSE	FALSE	FALSE
IFT88	FALSE	TRUE	TRUE	FALSE	FALSE	FALSE
MICU2	FALSE	TRUE	FALSE	FALSE	FALSE	FALSE
GTF3A	FALSE	TRUE	FALSE	FALSE	FALSE	FALSE
POLR1D	FALSE	TRUE	FALSE	FALSE	FALSE	FALSE
SLC46A3	FALSE	TRUE	FALSE	FALSE	FALSE	FALSE
COG6	FALSE	TRUE	FALSE	FALSE	TRUE	FALSE
AKAP11	FALSE	TRUE	FALSE	FALSE	FALSE	FALSE
LACC1	FALSE	TRUE	FALSE	FALSE	FALSE	FALSE
CKAP2	FALSE	TRUE	FALSE	FALSE	TRUE	FALSE
KLF12	FALSE	TRUE	FALSE	FALSE	FALSE	FALSE
UCHL3	FALSE	TRUE	TRUE	FALSE	TRUE	TRUE
GPR180	FALSE	TRUE	FALSE	FALSE	TRUE	FALSE
TNFSF13B	FALSE	TRUE	FALSE	FALSE	FALSE	FALSE
UPF3A	FALSE	TRUE	FALSE	FALSE	FALSE	FALSE
TRAV4	FALSE	TRUE	FALSE	FALSE	FALSE	FALSE
TRAV8-4	FALSE	TRUE	FALSE	FALSE	FALSE	FALSE
TRAV14DV4	FALSE	TRUE	FALSE	FALSE	FALSE	FALSE
TRAV19	FALSE	TRUE	FALSE	FALSE	FALSE	FALSE
TRAV26-2	FALSE	TRUE	FALSE	FALSE	FALSE	FALSE
DAD1	FALSE	TRUE	FALSE	FALSE	FALSE	FALSE
OXA1L	FALSE	TRUE	FALSE	FALSE	FALSE	FALSE
HAUS4	FALSE	TRUE	FALSE	FALSE	FALSE	FALSE
SDR39U1	FALSE	TRUE	FALSE	FALSE	TRUE	FALSE
SCFD1	FALSE	TRUE	FALSE	FALSE	FALSE	FALSE
ARHGAP5	FALSE	TRUE	FALSE	FALSE	FALSE	FALSE
CFL2	FALSE	TRUE	FALSE	FALSE	FALSE	FALSE
PRORP	FALSE	TRUE	FALSE	TRUE	FALSE	FALSE
LGALS3	FALSE	TRUE	FALSE	FALSE	FALSE	FALSE
FBXO34	FALSE	TRUE	FALSE	FALSE	FALSE	FALSE
SNAPC1	FALSE	TRUE	FALSE	FALSE	FALSE	FALSE
FUT8	FALSE	TRUE	FALSE	FALSE	FALSE	FALSE
VTI1B	FALSE	TRUE	FALSE	FALSE	FALSE	FALSE
COX16	FALSE	TRUE	FALSE	FALSE	FALSE	FALSE
DCAF4	FALSE	TRUE	FALSE	FALSE	FALSE	FALSE
ACOT4	FALSE	TRUE	TRUE	TRUE	FALSE	FALSE
ABCD4	FALSE	TRUE	FALSE	FALSE	FALSE	FALSE
NPC2	FALSE	TRUE	FALSE	FALSE	FALSE	FALSE
ISCA2	FALSE	TRUE	TRUE	FALSE	FALSE	FALSE
EIF2B2	FALSE	TRUE	FALSE	FALSE	TRUE	FALSE
TC2N	FALSE	TRUE	TRUE	TRUE	FALSE	FALSE
FBLN5	FALSE	TRUE	TRUE	FALSE	FALSE	FALSE
IFI27L1	FALSE	TRUE	FALSE	TRUE	FALSE	FALSE
IFI27L2	FALSE	TRUE	FALSE	FALSE	FALSE	FALSE
GSKIP	FALSE	TRUE	FALSE	FALSE	FALSE	FALSE
COA8	FALSE	TRUE	TRUE	FALSE	TRUE	FALSE
IGHV3-53	FALSE	TRUE	FALSE	FALSE	FALSE	FALSE
ATP10A	FALSE	TRUE	FALSE	FALSE	FALSE	FALSE
KLF13	FALSE	TRUE	FALSE	FALSE	FALSE	FALSE
FMN1	FALSE	TRUE	TRUE	FALSE	FALSE	FALSE
PLCB2	FALSE	TRUE	FALSE	FALSE	FALSE	TRUE
CCDC32	FALSE	TRUE	FALSE	FALSE	FALSE	FALSE
ZFYVE19	FALSE	TRUE	FALSE	FALSE	FALSE	FALSE
ADAL	FALSE	TRUE	FALSE	FALSE	FALSE	FALSE
RSL24D1	FALSE	TRUE	FALSE	TRUE	FALSE	FALSE
ADAM10	FALSE	TRUE	TRUE	FALSE	FALSE	FALSE
BNIP2	FALSE	TRUE	FALSE	FALSE	FALSE	FALSE
SNX1	FALSE	TRUE	FALSE	FALSE	FALSE	FALSE
CSNK1G1	FALSE	TRUE	FALSE	FALSE	FALSE	FALSE
ANKDD1A	FALSE	TRUE	TRUE	TRUE	FALSE	FALSE
INTS14	FALSE	TRUE	FALSE	FALSE	FALSE	FALSE
MAP2K5	FALSE	TRUE	TRUE	FALSE	FALSE	FALSE
MPI	FALSE	TRUE	TRUE	FALSE	FALSE	FALSE
MAN2C1	FALSE	TRUE	FALSE	FALSE	TRUE	FALSE
PSTPIP1	FALSE	TRUE	FALSE	FALSE	TRUE	FALSE
STARD5	FALSE	TRUE	FALSE	FALSE	FALSE	FALSE
HDGFL3	FALSE	TRUE	TRUE	FALSE	FALSE	FALSE
NMB	FALSE	TRUE	FALSE	FALSE	FALSE	FALSE
CIB1	FALSE	TRUE	TRUE	TRUE	TRUE	FALSE
IQGAP1	FALSE	TRUE	FALSE	FALSE	FALSE	FALSE
LINS1	FALSE	TRUE	FALSE	FALSE	FALSE	FALSE
SNRNP25	FALSE	TRUE	FALSE	FALSE	FALSE	FALSE
MPG	FALSE	TRUE	FALSE	FALSE	FALSE	FALSE
NPRL3	FALSE	TRUE	FALSE	FALSE	FALSE	FALSE
AXIN1	FALSE	TRUE	FALSE	FALSE	FALSE	FALSE
PGAP6	FALSE	TRUE	TRUE	FALSE	FALSE	FALSE
DECR2	FALSE	TRUE	FALSE	FALSE	FALSE	FALSE
METTL26	FALSE	TRUE	TRUE	FALSE	TRUE	FALSE
CIAO3	FALSE	TRUE	FALSE	FALSE	FALSE	FALSE
TMEM204	FALSE	TRUE	TRUE	TRUE	FALSE	FALSE
HAGH	FALSE	TRUE	FALSE	FALSE	FALSE	FALSE
FAHD1	FALSE	TRUE	TRUE	FALSE	TRUE	FALSE
RPS2	FALSE	TRUE	FALSE	FALSE	FALSE	FALSE
BRICD5	FALSE	TRUE	FALSE	FALSE	FALSE	FALSE
IL32	FALSE	TRUE	TRUE	TRUE	FALSE	FALSE
NAA60	FALSE	TRUE	FALSE	FALSE	FALSE	FALSE
PAM16	FALSE	TRUE	FALSE	FALSE	FALSE	FALSE
ERCC4	FALSE	TRUE	FALSE	FALSE	FALSE	FALSE
ARL6IP1	FALSE	TRUE	FALSE	FALSE	FALSE	FALSE
KNOP1	FALSE	TRUE	TRUE	FALSE	TRUE	FALSE
THUMPD1	FALSE	TRUE	FALSE	FALSE	FALSE	FALSE
DCTN5	FALSE	TRUE	FALSE	FALSE	TRUE	FALSE
SGF29	FALSE	TRUE	FALSE	FALSE	TRUE	FALSE
SPNS1	FALSE	TRUE	FALSE	FALSE	FALSE	FALSE
BOLA2-SMG1P6	FALSE	TRUE	TRUE	FALSE	TRUE	FALSE
C16orf54	FALSE	TRUE	TRUE	TRUE	FALSE	FALSE
TGFB1I1	FALSE	TRUE	FALSE	FALSE	FALSE	FALSE
BRD7	FALSE	TRUE	TRUE	TRUE	FALSE	FALSE
NOD2	FALSE	TRUE	FALSE	FALSE	TRUE	FALSE
BBS2	FALSE	TRUE	FALSE	FALSE	FALSE	FALSE
MT3	FALSE	TRUE	TRUE	FALSE	FALSE	FALSE
MT2A	FALSE	TRUE	TRUE	TRUE	FALSE	FALSE
MT1E	FALSE	TRUE	TRUE	FALSE	FALSE	FALSE
MT1F	FALSE	TRUE	FALSE	FALSE	FALSE	FALSE
MT1X	FALSE	TRUE	FALSE	FALSE	FALSE	FALSE
SPMIP8	FALSE	TRUE	FALSE	FALSE	FALSE	FALSE
ZFP90	FALSE	TRUE	FALSE	TRUE	FALSE	FALSE
ZFP1	FALSE	TRUE	FALSE	FALSE	TRUE	FALSE
MPHOSPH6	FALSE	TRUE	TRUE	TRUE	FALSE	FALSE
SNAI3	FALSE	TRUE	FALSE	FALSE	TRUE	FALSE
TRAPPC2L	FALSE	TRUE	TRUE	FALSE	FALSE	FALSE
CHMP1A	FALSE	TRUE	FALSE	FALSE	FALSE	FALSE
SPATA33	FALSE	TRUE	FALSE	FALSE	TRUE	FALSE
CDK10	FALSE	TRUE	TRUE	FALSE	TRUE	FALSE
RFLNB	FALSE	TRUE	FALSE	FALSE	FALSE	FALSE
INPP5K	FALSE	TRUE	TRUE	TRUE	FALSE	FALSE
SMYD4	FALSE	TRUE	FALSE	FALSE	FALSE	FALSE
SRR	FALSE	TRUE	TRUE	TRUE	FALSE	FALSE
MINK1	FALSE	TRUE	FALSE	FALSE	FALSE	FALSE
SPAG7	FALSE	TRUE	FALSE	FALSE	TRUE	FALSE
C17orf49	FALSE	TRUE	FALSE	FALSE	TRUE	FALSE
NEURL4	FALSE	TRUE	FALSE	FALSE	FALSE	FALSE
SAT2	FALSE	TRUE	TRUE	TRUE	FALSE	FALSE
CTC1	FALSE	TRUE	FALSE	FALSE	TRUE	FALSE
KRBA2	FALSE	TRUE	FALSE	FALSE	FALSE	FALSE
ZSWIM7	FALSE	TRUE	TRUE	FALSE	TRUE	TRUE
TTC19	FALSE	TRUE	FALSE	FALSE	FALSE	FALSE
LLGL1	FALSE	TRUE	FALSE	FALSE	FALSE	FALSE
SHMT1	FALSE	TRUE	TRUE	TRUE	FALSE	FALSE
PRPSAP2	FALSE	TRUE	FALSE	FALSE	FALSE	FALSE
FAM83G	FALSE	TRUE	FALSE	FALSE	FALSE	FALSE
GRAP	FALSE	TRUE	FALSE	FALSE	FALSE	FALSE
ALDH3A2	FALSE	TRUE	FALSE	FALSE	FALSE	FALSE
AKAP10	FALSE	TRUE	FALSE	FALSE	TRUE	FALSE
SPECC1	FALSE	TRUE	FALSE	FALSE	FALSE	FALSE
FAM222B	FALSE	TRUE	FALSE	FALSE	FALSE	FALSE
NSRP1	FALSE	TRUE	FALSE	FALSE	FALSE	FALSE
BLMH	FALSE	TRUE	FALSE	FALSE	FALSE	FALSE
CDK5R1	FALSE	TRUE	FALSE	FALSE	FALSE	FALSE
NLE1	FALSE	TRUE	TRUE	FALSE	FALSE	FALSE
TADA2A	FALSE	TRUE	FALSE	FALSE	TRUE	FALSE
PSMB3	FALSE	TRUE	FALSE	FALSE	FALSE	FALSE
GSDMB	FALSE	TRUE	FALSE	FALSE	FALSE	FALSE
GSDMA	FALSE	TRUE	TRUE	FALSE	FALSE	FALSE
KRT10	FALSE	TRUE	TRUE	FALSE	FALSE	FALSE
VPS25	FALSE	TRUE	FALSE	FALSE	FALSE	FALSE
ARL4D	FALSE	TRUE	FALSE	FALSE	FALSE	FALSE
SLC25A39	FALSE	TRUE	FALSE	FALSE	TRUE	FALSE
EFTUD2	FALSE	TRUE	FALSE	FALSE	FALSE	FALSE
DCAKD	FALSE	TRUE	FALSE	FALSE	FALSE	FALSE
LINC02210-CRHR1	FALSE	TRUE	TRUE	TRUE	FALSE	FALSE
KANSL1	FALSE	TRUE	FALSE	TRUE	FALSE	FALSE
ARL17B	FALSE	TRUE	FALSE	FALSE	TRUE	FALSE
LRRC37A2	FALSE	TRUE	FALSE	TRUE	TRUE	FALSE
SCRN2	FALSE	TRUE	FALSE	FALSE	FALSE	FALSE
SNX11	FALSE	TRUE	FALSE	FALSE	FALSE	FALSE
HOXB2	FALSE	TRUE	FALSE	FALSE	FALSE	FALSE
SLC35B1	FALSE	TRUE	FALSE	FALSE	FALSE	FALSE
PPP1R9B	FALSE	TRUE	FALSE	FALSE	FALSE	FALSE
MYCBPAP	FALSE	TRUE	FALSE	FALSE	FALSE	FALSE
STXBP4	FALSE	TRUE	FALSE	FALSE	FALSE	FALSE
PRR11	FALSE	TRUE	FALSE	FALSE	FALSE	FALSE
GDPD1	FALSE	TRUE	FALSE	FALSE	FALSE	FALSE
RNFT1	FALSE	TRUE	FALSE	FALSE	FALSE	FALSE
HEATR6	FALSE	TRUE	TRUE	FALSE	FALSE	FALSE
FTSJ3	FALSE	TRUE	TRUE	FALSE	TRUE	FALSE
FAM104A	FALSE	TRUE	FALSE	FALSE	FALSE	FALSE
DNAI2	FALSE	TRUE	FALSE	FALSE	FALSE	FALSE
CD300A	FALSE	TRUE	TRUE	TRUE	FALSE	FALSE
FDXR	FALSE	TRUE	FALSE	FALSE	FALSE	FALSE
MYO15B	FALSE	TRUE	TRUE	FALSE	TRUE	FALSE
SRSF2	FALSE	TRUE	TRUE	FALSE	FALSE	FALSE
EIF4A3	FALSE	TRUE	FALSE	TRUE	FALSE	FALSE
RNF213	FALSE	TRUE	FALSE	FALSE	FALSE	FALSE
NDUFAF8	FALSE	TRUE	FALSE	FALSE	TRUE	FALSE
TSPAN10	FALSE	TRUE	FALSE	FALSE	FALSE	FALSE
OXLD1	FALSE	TRUE	FALSE	FALSE	FALSE	FALSE
ASPSCR1	FALSE	TRUE	FALSE	FALSE	FALSE	FALSE
OGFOD3	FALSE	TRUE	FALSE	FALSE	FALSE	FALSE
WDR45B	FALSE	TRUE	FALSE	FALSE	FALSE	FALSE
FN3KRP	FALSE	TRUE	TRUE	TRUE	FALSE	FALSE
FN3K	FALSE	TRUE	TRUE	FALSE	TRUE	FALSE
TBCD	FALSE	TRUE	FALSE	FALSE	FALSE	FALSE
B3GNTL1	FALSE	TRUE	FALSE	FALSE	FALSE	FALSE
PTPRM	FALSE	TRUE	FALSE	FALSE	FALSE	FALSE
NAPG	FALSE	TRUE	FALSE	FALSE	FALSE	FALSE
TTC39C	FALSE	TRUE	FALSE	FALSE	TRUE	FALSE
OSBPL1A	FALSE	TRUE	FALSE	FALSE	FALSE	FALSE
NEDD4L	FALSE	TRUE	FALSE	FALSE	FALSE	FALSE
LMAN1	FALSE	TRUE	FALSE	FALSE	TRUE	FALSE
KDSR	FALSE	TRUE	FALSE	FALSE	FALSE	FALSE
NFATC1	FALSE	TRUE	FALSE	FALSE	FALSE	FALSE
CFD	FALSE	TRUE	TRUE	FALSE	TRUE	FALSE
MED16	FALSE	TRUE	TRUE	TRUE	FALSE	FALSE
CNN2	FALSE	TRUE	FALSE	FALSE	FALSE	TRUE
GPX4	FALSE	TRUE	FALSE	FALSE	TRUE	FALSE
FAM174C	FALSE	TRUE	FALSE	FALSE	FALSE	FALSE
LSM7	FALSE	TRUE	FALSE	FALSE	FALSE	FALSE
TIMM13	FALSE	TRUE	FALSE	FALSE	FALSE	FALSE
LMNB2	FALSE	TRUE	FALSE	FALSE	FALSE	FALSE
APBA3	FALSE	TRUE	FALSE	FALSE	FALSE	FALSE
MRPL54	FALSE	TRUE	TRUE	TRUE	TRUE	TRUE
DUS3L	FALSE	TRUE	TRUE	FALSE	TRUE	FALSE
GTF2F1	FALSE	TRUE	FALSE	FALSE	FALSE	FALSE
ADGRE1	FALSE	TRUE	FALSE	FALSE	FALSE	FALSE
XAB2	FALSE	TRUE	FALSE	FALSE	FALSE	FALSE
MARCHF2	FALSE	TRUE	FALSE	FALSE	TRUE	FALSE
ZNF559	FALSE	TRUE	FALSE	FALSE	TRUE	FALSE
FDX2	FALSE	TRUE	FALSE	FALSE	FALSE	FALSE
ACP5	FALSE	TRUE	FALSE	FALSE	TRUE	FALSE
ADGRE5	FALSE	TRUE	FALSE	FALSE	FALSE	FALSE
ILVBL	FALSE	TRUE	FALSE	FALSE	FALSE	FALSE
AP1M1	FALSE	TRUE	FALSE	FALSE	FALSE	FALSE
MRPL34	FALSE	TRUE	TRUE	FALSE	TRUE	FALSE
MVB12A	FALSE	TRUE	FALSE	FALSE	FALSE	FALSE
IL12RB1	FALSE	TRUE	FALSE	FALSE	FALSE	FALSE
PGPEP1	FALSE	TRUE	FALSE	FALSE	FALSE	FALSE
UPF1	FALSE	TRUE	FALSE	FALSE	FALSE	FALSE
NR2C2AP	FALSE	TRUE	FALSE	FALSE	FALSE	FALSE
ZNF626	FALSE	TRUE	FALSE	FALSE	FALSE	FALSE
ZNF429	FALSE	TRUE	FALSE	FALSE	TRUE	FALSE
ZNF257	FALSE	TRUE	TRUE	FALSE	FALSE	FALSE
C19orf12	FALSE	TRUE	FALSE	FALSE	FALSE	FALSE
PDCD5	FALSE	TRUE	TRUE	FALSE	TRUE	FALSE
FAAP24	FALSE	TRUE	FALSE	FALSE	FALSE	FALSE
COX6B1	FALSE	TRUE	FALSE	FALSE	TRUE	TRUE
IGFLR1	FALSE	TRUE	FALSE	FALSE	TRUE	FALSE
U2AF1L4	FALSE	TRUE	TRUE	FALSE	TRUE	FALSE
CLIP3	FALSE	TRUE	TRUE	FALSE	FALSE	FALSE
ZFP30	FALSE	TRUE	FALSE	FALSE	FALSE	FALSE
ZNF781	FALSE	TRUE	FALSE	FALSE	FALSE	FALSE
CAPN12	FALSE	TRUE	FALSE	FALSE	FALSE	FALSE
GMFG	FALSE	TRUE	FALSE	FALSE	FALSE	FALSE
CEACAM21	FALSE	TRUE	TRUE	FALSE	TRUE	FALSE
RABAC1	FALSE	TRUE	TRUE	FALSE	FALSE	FALSE
ZNF574	FALSE	TRUE	FALSE	FALSE	FALSE	FALSE
PHLDB3	FALSE	TRUE	FALSE	FALSE	TRUE	FALSE
SMG9	FALSE	TRUE	FALSE	FALSE	FALSE	FALSE
ZNF155	FALSE	TRUE	FALSE	FALSE	FALSE	FALSE
PPP5C	FALSE	TRUE	FALSE	TRUE	TRUE	FALSE
PTGIR	FALSE	TRUE	FALSE	FALSE	FALSE	FALSE
GNG8	FALSE	TRUE	FALSE	FALSE	FALSE	FALSE
INAFM1	FALSE	TRUE	FALSE	FALSE	TRUE	FALSE
NOP53	FALSE	TRUE	FALSE	FALSE	FALSE	FALSE
CARD8	FALSE	TRUE	FALSE	FALSE	FALSE	FALSE
HSD17B14	FALSE	TRUE	FALSE	FALSE	FALSE	FALSE
RPS11	FALSE	TRUE	FALSE	FALSE	FALSE	FALSE
ZNF701	FALSE	TRUE	FALSE	FALSE	FALSE	FALSE
ZNF600	FALSE	TRUE	TRUE	TRUE	TRUE	FALSE
ZNF320	FALSE	TRUE	FALSE	FALSE	FALSE	FALSE
ZNF816-ZNF321P	FALSE	TRUE	FALSE	FALSE	FALSE	FALSE
ZNF160	FALSE	TRUE	FALSE	FALSE	FALSE	FALSE
ZNF525	FALSE	TRUE	FALSE	FALSE	FALSE	FALSE
NDUFA3	FALSE	TRUE	FALSE	FALSE	FALSE	TRUE
RPS9	FALSE	TRUE	TRUE	TRUE	FALSE	FALSE
LILRB3	FALSE	TRUE	FALSE	FALSE	TRUE	TRUE
NLRP2	FALSE	TRUE	TRUE	TRUE	FALSE	FALSE
RDH13	FALSE	TRUE	FALSE	FALSE	TRUE	FALSE
ZNF835	FALSE	TRUE	FALSE	FALSE	FALSE	FALSE
ZNF586	FALSE	TRUE	FALSE	FALSE	FALSE	FALSE
ZNF8	FALSE	TRUE	TRUE	FALSE	FALSE	FALSE
A1BG	FALSE	TRUE	FALSE	FALSE	TRUE	FALSE
RPS5	FALSE	TRUE	TRUE	TRUE	FALSE	FALSE
C20orf96	FALSE	TRUE	FALSE	FALSE	FALSE	FALSE
ITPA	FALSE	TRUE	TRUE	FALSE	TRUE	FALSE
ADISSP	FALSE	TRUE	TRUE	FALSE	TRUE	TRUE
TMEM230	FALSE	TRUE	TRUE	TRUE	TRUE	FALSE
ANKEF1	FALSE	TRUE	TRUE	FALSE	FALSE	FALSE
KIF16B	FALSE	TRUE	FALSE	FALSE	TRUE	FALSE
NAPB	FALSE	TRUE	FALSE	FALSE	FALSE	FALSE
PYGB	FALSE	TRUE	FALSE	FALSE	TRUE	FALSE
MAPRE1	FALSE	TRUE	FALSE	FALSE	FALSE	FALSE
RALY	FALSE	TRUE	FALSE	FALSE	FALSE	FALSE
CTNNBL1	FALSE	TRUE	FALSE	FALSE	FALSE	FALSE
TOMM34	FALSE	TRUE	TRUE	FALSE	TRUE	FALSE
BCAS4	FALSE	TRUE	FALSE	FALSE	FALSE	FALSE
SAMD10	FALSE	TRUE	FALSE	FALSE	FALSE	FALSE
PRPF6	FALSE	TRUE	FALSE	FALSE	FALSE	FALSE
C20orf204	FALSE	TRUE	FALSE	FALSE	FALSE	FALSE
RBM11	FALSE	TRUE	FALSE	FALSE	FALSE	FALSE
SAMSN1	FALSE	TRUE	FALSE	FALSE	FALSE	FALSE
USP25	FALSE	TRUE	FALSE	FALSE	FALSE	FALSE
C21orf91	FALSE	TRUE	FALSE	FALSE	FALSE	FALSE
MRPL39	FALSE	TRUE	FALSE	FALSE	FALSE	FALSE
RWDD2B	FALSE	TRUE	FALSE	FALSE	FALSE	FALSE
BACH1	FALSE	TRUE	FALSE	FALSE	FALSE	FALSE
EVA1C	FALSE	TRUE	TRUE	FALSE	FALSE	FALSE
IFNAR1	FALSE	TRUE	FALSE	FALSE	FALSE	FALSE
TMEM50B	FALSE	TRUE	TRUE	TRUE	FALSE	FALSE
ATP5PO	FALSE	TRUE	FALSE	FALSE	FALSE	FALSE
RUNX1	FALSE	TRUE	FALSE	FALSE	FALSE	FALSE
CBR1	FALSE	TRUE	FALSE	FALSE	FALSE	FALSE
CBR3	FALSE	TRUE	TRUE	FALSE	FALSE	FALSE
MORC3	FALSE	TRUE	FALSE	FALSE	FALSE	FALSE
PIGP	FALSE	TRUE	TRUE	FALSE	FALSE	FALSE
HMGN1	FALSE	TRUE	FALSE	FALSE	FALSE	FALSE
UMODL1	FALSE	TRUE	FALSE	FALSE	FALSE	FALSE
UBASH3A	FALSE	TRUE	FALSE	FALSE	FALSE	FALSE
NDUFV3	FALSE	TRUE	TRUE	TRUE	FALSE	TRUE
RRP1B	FALSE	TRUE	FALSE	FALSE	FALSE	FALSE
PDXK	FALSE	TRUE	FALSE	TRUE	FALSE	FALSE
RRP1	FALSE	TRUE	FALSE	FALSE	FALSE	FALSE
ITGB2	FALSE	TRUE	FALSE	TRUE	FALSE	TRUE
COL18A1	FALSE	TRUE	FALSE	FALSE	FALSE	FALSE
COL6A2	FALSE	TRUE	FALSE	TRUE	FALSE	FALSE
SPATC1L	FALSE	TRUE	TRUE	FALSE	FALSE	FALSE
LSS	FALSE	TRUE	FALSE	TRUE	FALSE	FALSE
YBEY	FALSE	TRUE	TRUE	TRUE	FALSE	TRUE
C21orf58	FALSE	TRUE	FALSE	FALSE	FALSE	FALSE
PCNT	FALSE	TRUE	FALSE	TRUE	FALSE	FALSE
DIP2A	FALSE	TRUE	TRUE	TRUE	FALSE	FALSE
S100B	FALSE	TRUE	TRUE	TRUE	FALSE	FALSE
PRMT2	FALSE	TRUE	TRUE	TRUE	FALSE	FALSE
HDHD5	FALSE	TRUE	FALSE	FALSE	TRUE	FALSE
ATP6V1E1	FALSE	TRUE	FALSE	FALSE	TRUE	TRUE
UBE2L3	FALSE	TRUE	FALSE	FALSE	FALSE	FALSE
IGLV5-45	FALSE	TRUE	FALSE	FALSE	FALSE	FALSE
IGLC2	FALSE	TRUE	FALSE	FALSE	FALSE	FALSE
RGL4	FALSE	TRUE	FALSE	FALSE	FALSE	FALSE
C22orf15	FALSE	TRUE	FALSE	FALSE	FALSE	FALSE
DDT	FALSE	TRUE	FALSE	FALSE	TRUE	FALSE
GGT1	FALSE	TRUE	FALSE	FALSE	FALSE	FALSE
CRYBB2	FALSE	TRUE	FALSE	FALSE	FALSE	FALSE
TFIP11	FALSE	TRUE	TRUE	TRUE	TRUE	FALSE
NIPSNAP1	FALSE	TRUE	FALSE	FALSE	FALSE	FALSE
TXN2	FALSE	TRUE	FALSE	FALSE	FALSE	FALSE
NCF4	FALSE	TRUE	FALSE	FALSE	FALSE	FALSE
H1-0	FALSE	TRUE	FALSE	FALSE	FALSE	FALSE
GCAT	FALSE	TRUE	FALSE	FALSE	FALSE	FALSE
TPTEP2-CSNK1E	FALSE	TRUE	FALSE	FALSE	FALSE	FALSE
APOBEC3D	FALSE	TRUE	FALSE	FALSE	FALSE	FALSE
APOBEC3H	FALSE	TRUE	FALSE	FALSE	FALSE	FALSE
PDGFB	FALSE	TRUE	FALSE	FALSE	FALSE	FALSE
XPNPEP3	FALSE	TRUE	FALSE	FALSE	TRUE	FALSE
POLR3H	FALSE	TRUE	FALSE	FALSE	FALSE	FALSE
PMM1	FALSE	TRUE	FALSE	FALSE	FALSE	FALSE
RRP7A	FALSE	TRUE	FALSE	FALSE	TRUE	TRUE
PACSIN2	FALSE	TRUE	FALSE	FALSE	FALSE	FALSE
TSPO	FALSE	TRUE	TRUE	TRUE	FALSE	FALSE
SAMM50	FALSE	TRUE	FALSE	FALSE	FALSE	FALSE
PARVB	FALSE	TRUE	FALSE	FALSE	FALSE	FALSE
DENND6B	FALSE	TRUE	TRUE	FALSE	FALSE	FALSE
WWC3	FALSE	TRUE	TRUE	FALSE	FALSE	FALSE
GEMIN8	FALSE	TRUE	TRUE	FALSE	FALSE	FALSE
MOSPD2	FALSE	TRUE	TRUE	TRUE	FALSE	FALSE
ACOT9	FALSE	TRUE	FALSE	FALSE	FALSE	FALSE
CFP	FALSE	TRUE	FALSE	FALSE	TRUE	FALSE
PCSK1N	FALSE	TRUE	FALSE	FALSE	FALSE	FALSE
MAGEH1	FALSE	TRUE	FALSE	FALSE	FALSE	FALSE
UBQLN2	FALSE	TRUE	TRUE	FALSE	FALSE	FALSE
NBDY	FALSE	TRUE	FALSE	FALSE	FALSE	FALSE
FAAH2	FALSE	TRUE	FALSE	FALSE	FALSE	FALSE
PIN4	FALSE	TRUE	TRUE	TRUE	TRUE	FALSE
MAGEE1	FALSE	TRUE	TRUE	FALSE	FALSE	FALSE
ITM2A	FALSE	TRUE	TRUE	TRUE	FALSE	FALSE
TSPAN6	FALSE	TRUE	FALSE	FALSE	FALSE	FALSE
TCEAL2	FALSE	TRUE	TRUE	FALSE	FALSE	FALSE
BEX2	FALSE	TRUE	FALSE	FALSE	FALSE	FALSE
TCEAL9	FALSE	TRUE	FALSE	FALSE	FALSE	FALSE
BEX3	FALSE	TRUE	TRUE	FALSE	FALSE	TRUE
STEEP1	FALSE	TRUE	FALSE	FALSE	FALSE	FALSE
RTL8C	FALSE	TRUE	FALSE	FALSE	FALSE	FALSE
RTL8A	FALSE	TRUE	FALSE	FALSE	FALSE	FALSE
FHL1	FALSE	TRUE	TRUE	FALSE	FALSE	FALSE
CD40LG	FALSE	TRUE	FALSE	FALSE	FALSE	FALSE
TMEM185A	FALSE	TRUE	FALSE	FALSE	FALSE	FALSE
F8	FALSE	TRUE	FALSE	FALSE	FALSE	FALSE
TMLHE	FALSE	TRUE	TRUE	FALSE	TRUE	FALSE
KDM1A	FALSE	FALSE	TRUE	FALSE	FALSE	FALSE
MYCBP	FALSE	FALSE	TRUE	FALSE	TRUE	FALSE
SRSF11	FALSE	FALSE	TRUE	FALSE	FALSE	FALSE
DNAI3	FALSE	FALSE	TRUE	FALSE	FALSE	FALSE
AGL	FALSE	FALSE	TRUE	FALSE	FALSE	FALSE
TTC24	FALSE	FALSE	TRUE	TRUE	FALSE	FALSE
NAXE	FALSE	FALSE	TRUE	FALSE	FALSE	FALSE
XCL2	FALSE	FALSE	TRUE	TRUE	FALSE	FALSE
SELL	FALSE	FALSE	TRUE	FALSE	TRUE	FALSE
SNRPE	FALSE	FALSE	TRUE	FALSE	FALSE	FALSE
LYST	FALSE	FALSE	TRUE	FALSE	FALSE	FALSE
BOLA3	FALSE	FALSE	TRUE	FALSE	FALSE	FALSE
VAMP8	FALSE	FALSE	TRUE	FALSE	FALSE	FALSE
COX5B	FALSE	FALSE	TRUE	FALSE	FALSE	FALSE
FASTKD1	FALSE	FALSE	TRUE	FALSE	FALSE	FALSE
CTLA4	FALSE	FALSE	TRUE	FALSE	FALSE	FALSE
PIKFYVE	FALSE	FALSE	TRUE	FALSE	FALSE	FALSE
LXN	FALSE	FALSE	TRUE	FALSE	TRUE	FALSE
SH3TC1	FALSE	FALSE	TRUE	FALSE	FALSE	FALSE
SCD5	FALSE	FALSE	TRUE	TRUE	FALSE	FALSE
HSD17B11	FALSE	FALSE	TRUE	FALSE	TRUE	FALSE
C4orf33	FALSE	FALSE	TRUE	FALSE	TRUE	FALSE
HPGD	FALSE	FALSE	TRUE	TRUE	FALSE	FALSE
MRPS27	FALSE	FALSE	TRUE	FALSE	FALSE	FALSE
TMEM171	FALSE	FALSE	TRUE	FALSE	FALSE	FALSE
MBLAC2	FALSE	FALSE	TRUE	FALSE	FALSE	FALSE
APC	FALSE	FALSE	TRUE	FALSE	FALSE	FALSE
HIVEP1	FALSE	FALSE	TRUE	FALSE	FALSE	FALSE
NOL7	FALSE	FALSE	TRUE	FALSE	FALSE	FALSE
ATXN1	FALSE	FALSE	TRUE	FALSE	FALSE	FALSE
DDAH2	FALSE	FALSE	TRUE	FALSE	FALSE	FALSE
TAF8	FALSE	FALSE	TRUE	FALSE	FALSE	FALSE
MMS22L	FALSE	FALSE	TRUE	FALSE	FALSE	FALSE
PRKAR1B	FALSE	FALSE	TRUE	FALSE	FALSE	FALSE
CCZ1B	FALSE	FALSE	TRUE	FALSE	TRUE	FALSE
TRGV5P	FALSE	FALSE	TRUE	TRUE	FALSE	FALSE
TRGV2	FALSE	FALSE	TRUE	FALSE	FALSE	FALSE
H2AZ2	FALSE	FALSE	TRUE	FALSE	FALSE	FALSE
HIP1	FALSE	FALSE	TRUE	FALSE	FALSE	FALSE
LSM8	FALSE	FALSE	TRUE	TRUE	TRUE	FALSE
MEST	FALSE	FALSE	TRUE	FALSE	FALSE	FALSE
BMP1	FALSE	FALSE	TRUE	FALSE	FALSE	FALSE
AP3M2	FALSE	FALSE	TRUE	FALSE	FALSE	FALSE
RIDA	FALSE	FALSE	TRUE	FALSE	FALSE	FALSE
GFUS	FALSE	FALSE	TRUE	FALSE	FALSE	FALSE
OSTF1	FALSE	FALSE	TRUE	FALSE	FALSE	FALSE
TRAF1	FALSE	FALSE	TRUE	FALSE	FALSE	FALSE
PSAP	FALSE	FALSE	TRUE	FALSE	TRUE	FALSE
MRPL43	FALSE	FALSE	TRUE	FALSE	TRUE	FALSE
ACTR1A	FALSE	FALSE	TRUE	FALSE	FALSE	FALSE
CARS1	FALSE	FALSE	TRUE	FALSE	FALSE	FALSE
STIM1	FALSE	FALSE	TRUE	FALSE	FALSE	FALSE
STK33	FALSE	FALSE	TRUE	FALSE	FALSE	FALSE
MTCH2	FALSE	FALSE	TRUE	FALSE	FALSE	FALSE
FADS2	FALSE	FALSE	TRUE	TRUE	TRUE	FALSE
POLR2G	FALSE	FALSE	TRUE	TRUE	FALSE	FALSE
FIBP	FALSE	FALSE	TRUE	FALSE	FALSE	FALSE
CADM1	FALSE	FALSE	TRUE	FALSE	FALSE	FALSE
TULP3	FALSE	FALSE	TRUE	FALSE	FALSE	FALSE
CLECL1P	FALSE	FALSE	TRUE	FALSE	TRUE	FALSE
KLRC4-KLRK1	FALSE	FALSE	TRUE	FALSE	FALSE	FALSE
KLRC4	FALSE	FALSE	TRUE	FALSE	FALSE	FALSE
DPY19L2	FALSE	FALSE	TRUE	FALSE	FALSE	FALSE
FCF1	FALSE	FALSE	TRUE	FALSE	FALSE	FALSE
EVL	FALSE	FALSE	TRUE	FALSE	FALSE	FALSE
CRIP1	FALSE	FALSE	TRUE	FALSE	FALSE	FALSE
CEP152	FALSE	FALSE	TRUE	FALSE	FALSE	FALSE
LIPC	FALSE	FALSE	TRUE	FALSE	FALSE	FALSE
SPSB3	FALSE	FALSE	TRUE	FALSE	FALSE	FALSE
NMRAL1	FALSE	FALSE	TRUE	FALSE	FALSE	FALSE
SOCS1	FALSE	FALSE	TRUE	FALSE	FALSE	FALSE
RBL2	FALSE	FALSE	TRUE	FALSE	FALSE	FALSE
TCF25	FALSE	FALSE	TRUE	TRUE	FALSE	FALSE
TMEM199	FALSE	FALSE	TRUE	FALSE	FALSE	FALSE
RETREG3	FALSE	FALSE	TRUE	FALSE	FALSE	FALSE
TUBG1	FALSE	FALSE	TRUE	FALSE	FALSE	FALSE
PLEKHF1	FALSE	FALSE	TRUE	FALSE	FALSE	FALSE
KIR3DL1	FALSE	FALSE	TRUE	TRUE	FALSE	FALSE
ERVK3-1	FALSE	FALSE	TRUE	FALSE	FALSE	FALSE
ITCH	FALSE	FALSE	TRUE	FALSE	FALSE	FALSE
ACTR5	FALSE	FALSE	TRUE	FALSE	FALSE	FALSE
NELFCD	FALSE	FALSE	TRUE	FALSE	FALSE	FALSE
PRELID3B	FALSE	FALSE	TRUE	FALSE	FALSE	FALSE
MTG2	FALSE	FALSE	TRUE	FALSE	TRUE	FALSE
CHAF1B	FALSE	FALSE	TRUE	FALSE	FALSE	FALSE
MIF	FALSE	FALSE	TRUE	TRUE	TRUE	TRUE
RAB9A	FALSE	FALSE	TRUE	FALSE	FALSE	FALSE
GNL3L	FALSE	FALSE	TRUE	FALSE	FALSE	FALSE
SPIN2B	FALSE	FALSE	TRUE	FALSE	FALSE	FALSE
BEX5	FALSE	FALSE	TRUE	TRUE	FALSE	FALSE
ARMCX5	FALSE	FALSE	TRUE	FALSE	FALSE	FALSE
HCFC1	FALSE	FALSE	TRUE	FALSE	FALSE	FALSE
PLOD1	FALSE	FALSE	FALSE	TRUE	FALSE	FALSE
DHRS3	FALSE	FALSE	FALSE	TRUE	FALSE	FALSE
MKNK1	FALSE	FALSE	FALSE	TRUE	TRUE	FALSE
PDE4B	FALSE	FALSE	FALSE	TRUE	FALSE	FALSE
AK5	FALSE	FALSE	FALSE	TRUE	FALSE	FALSE
S1PR1	FALSE	FALSE	FALSE	TRUE	FALSE	FALSE
PRKAB2	FALSE	FALSE	FALSE	TRUE	FALSE	FALSE
S100A13	FALSE	FALSE	FALSE	TRUE	TRUE	FALSE
SLAMF7	FALSE	FALSE	FALSE	TRUE	FALSE	FALSE
COLGALT2	FALSE	FALSE	FALSE	TRUE	FALSE	FALSE
NIBAN1	FALSE	FALSE	FALSE	TRUE	FALSE	FALSE
IVNS1ABP	FALSE	FALSE	FALSE	TRUE	FALSE	FALSE
IRF6	FALSE	FALSE	FALSE	TRUE	FALSE	FALSE
TP53BP2	FALSE	FALSE	FALSE	TRUE	FALSE	FALSE
CEP170	FALSE	FALSE	FALSE	TRUE	FALSE	FALSE
ADSS2	FALSE	FALSE	FALSE	TRUE	TRUE	FALSE
SLC66A3	FALSE	FALSE	FALSE	TRUE	FALSE	FALSE
GNLY	FALSE	FALSE	FALSE	TRUE	FALSE	FALSE
CD8A	FALSE	FALSE	FALSE	TRUE	FALSE	FALSE
KYNU	FALSE	FALSE	FALSE	TRUE	FALSE	FALSE
NBEAL2	FALSE	FALSE	FALSE	TRUE	FALSE	FALSE
CD47	FALSE	FALSE	FALSE	TRUE	FALSE	FALSE
HEG1	FALSE	FALSE	FALSE	TRUE	FALSE	FALSE
ALG1L1P	FALSE	FALSE	FALSE	TRUE	FALSE	FALSE
ALG1L2	FALSE	FALSE	FALSE	TRUE	FALSE	FALSE
CEP63	FALSE	FALSE	FALSE	TRUE	TRUE	FALSE
RPL22L1	FALSE	FALSE	FALSE	TRUE	FALSE	FALSE
SPON2	FALSE	FALSE	FALSE	TRUE	FALSE	FALSE
CYTL1	FALSE	FALSE	FALSE	TRUE	FALSE	FALSE
MRFAP1L1	FALSE	FALSE	FALSE	TRUE	FALSE	FALSE
SMIM20	FALSE	FALSE	FALSE	TRUE	FALSE	FALSE
TLR6	FALSE	FALSE	FALSE	TRUE	FALSE	FALSE
SNCA	FALSE	FALSE	FALSE	TRUE	TRUE	FALSE
CASP6	FALSE	FALSE	FALSE	TRUE	FALSE	FALSE
CBR4	FALSE	FALSE	FALSE	TRUE	FALSE	FALSE
SPEF2	FALSE	FALSE	FALSE	TRUE	FALSE	FALSE
F2R	FALSE	FALSE	FALSE	TRUE	FALSE	FALSE
PPP2R2B	FALSE	FALSE	FALSE	TRUE	FALSE	FALSE
PSMB9	FALSE	FALSE	FALSE	TRUE	FALSE	FALSE
HEBP2	FALSE	FALSE	FALSE	TRUE	FALSE	FALSE
CYTH3	FALSE	FALSE	FALSE	TRUE	FALSE	FALSE
TRGC1	FALSE	FALSE	FALSE	TRUE	FALSE	FALSE
TRGV9	FALSE	FALSE	FALSE	TRUE	FALSE	FALSE
GSAP	FALSE	FALSE	FALSE	TRUE	FALSE	FALSE
PPP1R9A	FALSE	FALSE	FALSE	TRUE	FALSE	FALSE
CSGALNACT1	FALSE	FALSE	FALSE	TRUE	TRUE	FALSE
TNFRSF10A	FALSE	FALSE	FALSE	TRUE	FALSE	FALSE
DUSP4	FALSE	FALSE	FALSE	TRUE	FALSE	FALSE
FGFR1	FALSE	FALSE	FALSE	TRUE	FALSE	FALSE
TOX	FALSE	FALSE	FALSE	TRUE	FALSE	FALSE
PAG1	FALSE	FALSE	FALSE	TRUE	FALSE	FALSE
PIP4P2	FALSE	FALSE	FALSE	TRUE	FALSE	FALSE
ST3GAL1	FALSE	FALSE	FALSE	TRUE	FALSE	FALSE
THEM6	FALSE	FALSE	FALSE	TRUE	FALSE	FALSE
PARP10	FALSE	FALSE	FALSE	TRUE	FALSE	FALSE
ERMP1	FALSE	FALSE	FALSE	TRUE	FALSE	FALSE
RORB	FALSE	FALSE	FALSE	TRUE	FALSE	FALSE
CEP78	FALSE	FALSE	FALSE	TRUE	FALSE	FALSE
DAPK1	FALSE	FALSE	FALSE	TRUE	FALSE	FALSE
NINJ1	FALSE	FALSE	FALSE	TRUE	TRUE	TRUE
KLF4	FALSE	FALSE	FALSE	TRUE	FALSE	FALSE
PTGDS	FALSE	FALSE	FALSE	TRUE	FALSE	FALSE
WDR37	FALSE	FALSE	FALSE	TRUE	FALSE	FALSE
VSIR	FALSE	FALSE	FALSE	TRUE	FALSE	FALSE
BORCS7	FALSE	FALSE	FALSE	TRUE	TRUE	FALSE
RGS10	FALSE	FALSE	FALSE	TRUE	FALSE	FALSE
OAT	FALSE	FALSE	FALSE	TRUE	FALSE	FALSE
TSPAN32	FALSE	FALSE	FALSE	TRUE	FALSE	FALSE
NUCB2	FALSE	FALSE	FALSE	TRUE	FALSE	FALSE
ACP2	FALSE	FALSE	FALSE	TRUE	FALSE	FALSE
PLAAT3	FALSE	FALSE	FALSE	TRUE	TRUE	FALSE
NDUFS8	FALSE	FALSE	FALSE	TRUE	FALSE	FALSE
RAB38	FALSE	FALSE	FALSE	TRUE	FALSE	FALSE
CD3E	FALSE	FALSE	FALSE	TRUE	FALSE	FALSE
GRIK4	FALSE	FALSE	FALSE	TRUE	FALSE	FALSE
KLRG1	FALSE	FALSE	FALSE	TRUE	FALSE	FALSE
KLRC3	FALSE	FALSE	FALSE	TRUE	FALSE	FALSE
AP1G2	FALSE	FALSE	FALSE	TRUE	FALSE	FALSE
MIS18BP1	FALSE	FALSE	FALSE	TRUE	FALSE	FALSE
FAH	FALSE	FALSE	FALSE	TRUE	TRUE	FALSE
FES	FALSE	FALSE	FALSE	TRUE	FALSE	FALSE
HBA1	FALSE	FALSE	FALSE	TRUE	FALSE	FALSE
NME4	FALSE	FALSE	FALSE	TRUE	TRUE	FALSE
EIF3C	FALSE	FALSE	FALSE	TRUE	FALSE	FALSE
GID4	FALSE	FALSE	FALSE	TRUE	FALSE	FALSE
LGALS9C	FALSE	FALSE	FALSE	TRUE	FALSE	FALSE
LGALS9B	FALSE	FALSE	FALSE	TRUE	FALSE	FALSE
SLFN5	FALSE	FALSE	FALSE	TRUE	TRUE	TRUE
PLXDC1	FALSE	FALSE	FALSE	TRUE	FALSE	FALSE
DUSP3	FALSE	FALSE	FALSE	TRUE	FALSE	FALSE
MRPL10	FALSE	FALSE	FALSE	TRUE	FALSE	FALSE
ERN1	FALSE	FALSE	FALSE	TRUE	FALSE	FALSE
DDX5	FALSE	FALSE	FALSE	TRUE	FALSE	FALSE
MYL12A	FALSE	FALSE	FALSE	TRUE	FALSE	FALSE
TMEM241	FALSE	FALSE	FALSE	TRUE	FALSE	FALSE
RIOK3	FALSE	FALSE	FALSE	TRUE	FALSE	FALSE
SLC14A1	FALSE	FALSE	FALSE	TRUE	FALSE	FALSE
PRSS57	FALSE	FALSE	FALSE	TRUE	FALSE	FALSE
EIF3G	FALSE	FALSE	FALSE	TRUE	FALSE	FALSE
SLC44A2	FALSE	FALSE	FALSE	TRUE	TRUE	FALSE
ZNF441	FALSE	FALSE	FALSE	TRUE	FALSE	FALSE
DMKN	FALSE	FALSE	FALSE	TRUE	FALSE	FALSE
ZNF461	FALSE	FALSE	FALSE	TRUE	FALSE	FALSE
ZNF793	FALSE	FALSE	FALSE	TRUE	FALSE	FALSE
ZNF780A	FALSE	FALSE	FALSE	TRUE	FALSE	FALSE
NUCB1	FALSE	FALSE	FALSE	TRUE	TRUE	TRUE
AP2A1	FALSE	FALSE	FALSE	TRUE	FALSE	FALSE
TFPT	FALSE	FALSE	FALSE	TRUE	TRUE	TRUE
TMC4	FALSE	FALSE	FALSE	TRUE	TRUE	FALSE
LAIR1	FALSE	FALSE	FALSE	TRUE	FALSE	FALSE
KIR3DL3	FALSE	FALSE	FALSE	TRUE	FALSE	FALSE
MX2	FALSE	FALSE	FALSE	TRUE	FALSE	FALSE
PTTG1IP	FALSE	FALSE	FALSE	TRUE	FALSE	TRUE
SNAP29	FALSE	FALSE	FALSE	TRUE	TRUE	FALSE
KIAA1671	FALSE	FALSE	FALSE	TRUE	FALSE	FALSE
SYNGR1	FALSE	FALSE	FALSE	TRUE	FALSE	FALSE
ATXN10	FALSE	FALSE	FALSE	TRUE	FALSE	FALSE
TTC38	FALSE	FALSE	FALSE	TRUE	FALSE	FALSE
FAAP20	FALSE	FALSE	FALSE	FALSE	TRUE	TRUE
CAMTA1	FALSE	FALSE	FALSE	FALSE	TRUE	FALSE
KIF1B	FALSE	FALSE	FALSE	FALSE	TRUE	FALSE
AGTRAP	FALSE	FALSE	FALSE	FALSE	TRUE	FALSE
MFN2	FALSE	FALSE	FALSE	FALSE	TRUE	FALSE
ARHGEF19	FALSE	FALSE	FALSE	FALSE	TRUE	FALSE
NECAP2	FALSE	FALSE	FALSE	FALSE	TRUE	FALSE
PADI2	FALSE	FALSE	FALSE	FALSE	TRUE	FALSE
CDA	FALSE	FALSE	FALSE	FALSE	TRUE	TRUE
HP1BP3	FALSE	FALSE	FALSE	FALSE	TRUE	FALSE
MTFR1L	FALSE	FALSE	FALSE	FALSE	TRUE	FALSE
DNAJC8	FALSE	FALSE	FALSE	FALSE	TRUE	FALSE
SERINC2	FALSE	FALSE	FALSE	FALSE	TRUE	FALSE
KIAA1522	FALSE	FALSE	FALSE	FALSE	TRUE	FALSE
S100PBP	FALSE	FALSE	FALSE	FALSE	TRUE	FALSE
C1orf122	FALSE	FALSE	FALSE	FALSE	TRUE	FALSE
SF3A3	FALSE	FALSE	FALSE	FALSE	TRUE	FALSE
PPT1	FALSE	FALSE	FALSE	FALSE	TRUE	FALSE
SVBP	FALSE	FALSE	FALSE	FALSE	TRUE	FALSE
EBNA1BP2	FALSE	FALSE	FALSE	FALSE	TRUE	FALSE
NSUN4	FALSE	FALSE	FALSE	FALSE	TRUE	FALSE
NRDC	FALSE	FALSE	FALSE	FALSE	TRUE	FALSE
GPX7	FALSE	FALSE	FALSE	FALSE	TRUE	FALSE
OMA1	FALSE	FALSE	FALSE	FALSE	TRUE	FALSE
GADD45A	FALSE	FALSE	FALSE	FALSE	TRUE	FALSE
FPGT	FALSE	FALSE	FALSE	FALSE	TRUE	FALSE
ST6GALNAC3	FALSE	FALSE	FALSE	FALSE	TRUE	FALSE
LRRC8B	FALSE	FALSE	FALSE	FALSE	TRUE	FALSE
LRRC8D	FALSE	FALSE	FALSE	FALSE	TRUE	FALSE
ABCD3	FALSE	FALSE	FALSE	FALSE	TRUE	FALSE
FRRS1	FALSE	FALSE	FALSE	FALSE	TRUE	FALSE
PRMT6	FALSE	FALSE	FALSE	FALSE	TRUE	FALSE
DRAM2	FALSE	FALSE	FALSE	FALSE	TRUE	FALSE
FAM72B	FALSE	FALSE	FALSE	FALSE	TRUE	FALSE
NBPF20	FALSE	FALSE	FALSE	FALSE	TRUE	FALSE
ANKRD35	FALSE	FALSE	FALSE	FALSE	TRUE	FALSE
NBPF14	FALSE	FALSE	FALSE	FALSE	TRUE	FALSE
SF3B4	FALSE	FALSE	FALSE	FALSE	TRUE	FALSE
ANP32E	FALSE	FALSE	FALSE	FALSE	TRUE	FALSE
S100A12	FALSE	FALSE	FALSE	FALSE	TRUE	FALSE
PAQR6	FALSE	FALSE	FALSE	FALSE	TRUE	FALSE
SMG5	FALSE	FALSE	FALSE	FALSE	TRUE	FALSE
TMEM79	FALSE	FALSE	FALSE	FALSE	TRUE	FALSE
GLMP	FALSE	FALSE	FALSE	FALSE	TRUE	FALSE
PIGM	FALSE	FALSE	FALSE	FALSE	TRUE	FALSE
FCGR2B	FALSE	FALSE	FALSE	FALSE	TRUE	TRUE
LAMC1	FALSE	FALSE	FALSE	FALSE	TRUE	FALSE
RGS1	FALSE	FALSE	FALSE	FALSE	TRUE	FALSE
TMEM9	FALSE	FALSE	FALSE	FALSE	TRUE	FALSE
RNPEP	FALSE	FALSE	FALSE	FALSE	TRUE	TRUE
RBBP5	FALSE	FALSE	FALSE	FALSE	TRUE	FALSE
RAB29	FALSE	FALSE	FALSE	FALSE	TRUE	FALSE
CD55	FALSE	FALSE	FALSE	FALSE	TRUE	TRUE
BATF3	FALSE	FALSE	FALSE	FALSE	TRUE	FALSE
FLVCR1	FALSE	FALSE	FALSE	FALSE	TRUE	FALSE
DEGS1	FALSE	FALSE	FALSE	FALSE	TRUE	FALSE
FAM89A	FALSE	FALSE	FALSE	FALSE	TRUE	FALSE
OPN3	FALSE	FALSE	FALSE	FALSE	TRUE	FALSE
SDCCAG8	FALSE	FALSE	FALSE	FALSE	TRUE	FALSE
ZNF669	FALSE	FALSE	FALSE	FALSE	TRUE	FALSE
TRIM58	FALSE	FALSE	FALSE	FALSE	TRUE	FALSE
ITGB1BP1	FALSE	FALSE	FALSE	FALSE	TRUE	FALSE
ADCY3	FALSE	FALSE	FALSE	FALSE	TRUE	FALSE
KHK	FALSE	FALSE	FALSE	FALSE	TRUE	FALSE
GEMIN6	FALSE	FALSE	FALSE	FALSE	TRUE	FALSE
HAAO	FALSE	FALSE	FALSE	FALSE	TRUE	FALSE
SPTBN1	FALSE	FALSE	FALSE	FALSE	TRUE	FALSE
ATOH8	FALSE	FALSE	FALSE	FALSE	TRUE	FALSE
IGKV1-8	FALSE	FALSE	FALSE	FALSE	TRUE	FALSE
STEAP3	FALSE	FALSE	FALSE	FALSE	TRUE	FALSE
DBI	FALSE	FALSE	FALSE	FALSE	TRUE	FALSE
GYPC	FALSE	FALSE	FALSE	FALSE	TRUE	FALSE
TNFAIP6	FALSE	FALSE	FALSE	FALSE	TRUE	FALSE
PKP4	FALSE	FALSE	FALSE	FALSE	TRUE	FALSE
BAZ2B	FALSE	FALSE	FALSE	FALSE	TRUE	FALSE
PPIG	FALSE	FALSE	FALSE	FALSE	TRUE	FALSE
SCRN3	FALSE	FALSE	FALSE	FALSE	TRUE	FALSE
ITGA4	FALSE	FALSE	FALSE	FALSE	TRUE	FALSE
SLC40A1	FALSE	FALSE	FALSE	FALSE	TRUE	FALSE
MFSD6	FALSE	FALSE	FALSE	FALSE	TRUE	FALSE
PLCL1	FALSE	FALSE	FALSE	FALSE	TRUE	FALSE
FAM117B	FALSE	FALSE	FALSE	FALSE	TRUE	FALSE
BARD1	FALSE	FALSE	FALSE	FALSE	TRUE	FALSE
ATIC	FALSE	FALSE	FALSE	FALSE	TRUE	FALSE
IGFBP2	FALSE	FALSE	FALSE	FALSE	TRUE	FALSE
CYP27A1	FALSE	FALSE	FALSE	FALSE	TRUE	FALSE
RETREG2	FALSE	FALSE	FALSE	FALSE	TRUE	FALSE
GLB1L	FALSE	FALSE	FALSE	FALSE	TRUE	FALSE
ARL4C	FALSE	FALSE	FALSE	FALSE	TRUE	FALSE
RBM44	FALSE	FALSE	FALSE	FALSE	TRUE	FALSE
GPR35	FALSE	FALSE	FALSE	FALSE	TRUE	FALSE
FARP2	FALSE	FALSE	FALSE	FALSE	TRUE	FALSE
RBSN	FALSE	FALSE	FALSE	FALSE	TRUE	FALSE
GORASP1	FALSE	FALSE	FALSE	FALSE	TRUE	FALSE
CDCP1	FALSE	FALSE	FALSE	FALSE	TRUE	FALSE
KLHL18	FALSE	FALSE	FALSE	FALSE	TRUE	FALSE
WDR6	FALSE	FALSE	FALSE	FALSE	TRUE	TRUE
RBM6	FALSE	FALSE	FALSE	FALSE	TRUE	FALSE
NT5DC2	FALSE	FALSE	FALSE	FALSE	TRUE	FALSE
FRMD4B	FALSE	FALSE	FALSE	FALSE	TRUE	FALSE
GPR27	FALSE	FALSE	FALSE	FALSE	TRUE	FALSE
PROK2	FALSE	FALSE	FALSE	FALSE	TRUE	FALSE
CRYBG3	FALSE	FALSE	FALSE	FALSE	TRUE	FALSE
NXPE3	FALSE	FALSE	FALSE	FALSE	TRUE	FALSE
IFT57	FALSE	FALSE	FALSE	FALSE	TRUE	FALSE
CD200R1	FALSE	FALSE	FALSE	FALSE	TRUE	FALSE
GTPBP8	FALSE	FALSE	FALSE	FALSE	TRUE	FALSE
POGLUT1	FALSE	FALSE	FALSE	FALSE	TRUE	FALSE
UMPS	FALSE	FALSE	FALSE	FALSE	TRUE	FALSE
CHST13	FALSE	FALSE	FALSE	FALSE	TRUE	TRUE
ABTB1	FALSE	FALSE	FALSE	FALSE	TRUE	FALSE
ACP3	FALSE	FALSE	FALSE	FALSE	TRUE	FALSE
ZBTB38	FALSE	FALSE	FALSE	FALSE	TRUE	FALSE
PPM1L	FALSE	FALSE	FALSE	FALSE	TRUE	FALSE
YEATS2	FALSE	FALSE	FALSE	FALSE	TRUE	FALSE
ABCC5	FALSE	FALSE	FALSE	FALSE	TRUE	FALSE
EIF4G1	FALSE	FALSE	FALSE	FALSE	TRUE	FALSE
NRROS	FALSE	FALSE	FALSE	FALSE	TRUE	FALSE
PAK2	FALSE	FALSE	FALSE	FALSE	TRUE	FALSE
DGKQ	FALSE	FALSE	FALSE	FALSE	TRUE	FALSE
S100P	FALSE	FALSE	FALSE	FALSE	TRUE	FALSE
QDPR	FALSE	FALSE	FALSE	FALSE	TRUE	FALSE
LAP3	FALSE	FALSE	FALSE	FALSE	TRUE	FALSE
LCORL	FALSE	FALSE	FALSE	FALSE	TRUE	FALSE
SEL1L3	FALSE	FALSE	FALSE	FALSE	TRUE	FALSE
STIM2	FALSE	FALSE	FALSE	FALSE	TRUE	FALSE
NFXL1	FALSE	FALSE	FALSE	FALSE	TRUE	FALSE
SRD5A3	FALSE	FALSE	FALSE	FALSE	TRUE	FALSE
SRP72	FALSE	FALSE	FALSE	FALSE	TRUE	FALSE
NAP1L5	FALSE	FALSE	FALSE	FALSE	TRUE	FALSE
ADH5	FALSE	FALSE	FALSE	FALSE	TRUE	TRUE
CAMK2D	FALSE	FALSE	FALSE	FALSE	TRUE	FALSE
C4orf3	FALSE	FALSE	FALSE	FALSE	TRUE	FALSE
ANXA5	FALSE	FALSE	FALSE	FALSE	TRUE	FALSE
RAB33B	FALSE	FALSE	FALSE	FALSE	TRUE	FALSE
TMEM144	FALSE	FALSE	FALSE	FALSE	TRUE	FALSE
RAPGEF2	FALSE	FALSE	FALSE	FALSE	TRUE	FALSE
RETREG1	FALSE	FALSE	FALSE	FALSE	TRUE	FALSE
ANXA2R	FALSE	FALSE	FALSE	FALSE	TRUE	FALSE
PARP8	FALSE	FALSE	FALSE	FALSE	TRUE	FALSE
ERCC8	FALSE	FALSE	FALSE	FALSE	TRUE	FALSE
SGTB	FALSE	FALSE	FALSE	FALSE	TRUE	FALSE
NLN	FALSE	FALSE	FALSE	FALSE	TRUE	FALSE
CD180	FALSE	FALSE	FALSE	FALSE	TRUE	FALSE
PIK3R1	FALSE	FALSE	FALSE	FALSE	TRUE	FALSE
IQGAP2	FALSE	FALSE	FALSE	FALSE	TRUE	FALSE
JMY	FALSE	FALSE	FALSE	FALSE	TRUE	FALSE
SERINC5	FALSE	FALSE	FALSE	FALSE	TRUE	FALSE
FAM151B	FALSE	FALSE	FALSE	FALSE	TRUE	FALSE
ANKRD34B	FALSE	FALSE	FALSE	FALSE	TRUE	FALSE
DHFR	FALSE	FALSE	FALSE	FALSE	TRUE	FALSE
MSH3	FALSE	FALSE	FALSE	FALSE	TRUE	FALSE
POU5F2	FALSE	FALSE	FALSE	FALSE	TRUE	FALSE
SLF1	FALSE	FALSE	FALSE	FALSE	TRUE	FALSE
PAM	FALSE	FALSE	FALSE	FALSE	TRUE	FALSE
PJA2	FALSE	FALSE	FALSE	FALSE	TRUE	FALSE
YTHDC2	FALSE	FALSE	FALSE	FALSE	TRUE	FALSE
FBN2	FALSE	FALSE	FALSE	FALSE	TRUE	TRUE
LYRM7	FALSE	FALSE	FALSE	FALSE	TRUE	FALSE
SHROOM1	FALSE	FALSE	FALSE	FALSE	TRUE	FALSE
UQCRQ	FALSE	FALSE	FALSE	FALSE	TRUE	FALSE
NDUFA2	FALSE	FALSE	FALSE	FALSE	TRUE	FALSE
GNPDA1	FALSE	FALSE	FALSE	FALSE	TRUE	FALSE
NDST1	FALSE	FALSE	FALSE	FALSE	TRUE	FALSE
CCDC69	FALSE	FALSE	FALSE	FALSE	TRUE	FALSE
SLC36A1	FALSE	FALSE	FALSE	FALSE	TRUE	FALSE
LARP1	FALSE	FALSE	FALSE	FALSE	TRUE	FALSE
UIMC1	FALSE	FALSE	FALSE	FALSE	TRUE	FALSE
B4GALT7	FALSE	FALSE	FALSE	FALSE	TRUE	FALSE
KDM1B	FALSE	FALSE	FALSE	FALSE	TRUE	FALSE
MRS2	FALSE	FALSE	FALSE	FALSE	TRUE	FALSE
MICA	FALSE	FALSE	FALSE	FALSE	TRUE	FALSE
CLIC1	FALSE	FALSE	FALSE	FALSE	TRUE	FALSE
CUTA	FALSE	FALSE	FALSE	FALSE	TRUE	FALSE
BAK1	FALSE	FALSE	FALSE	FALSE	TRUE	FALSE
BLTP3A	FALSE	FALSE	FALSE	FALSE	TRUE	FALSE
TREML4	FALSE	FALSE	FALSE	FALSE	TRUE	FALSE
MMUT	FALSE	FALSE	FALSE	FALSE	TRUE	FALSE
DDO	FALSE	FALSE	FALSE	FALSE	TRUE	FALSE
SLC22A16	FALSE	FALSE	FALSE	FALSE	TRUE	FALSE
CEP85L	FALSE	FALSE	FALSE	FALSE	TRUE	FALSE
VNN1	FALSE	FALSE	FALSE	FALSE	TRUE	TRUE
VNN3P	FALSE	FALSE	FALSE	FALSE	TRUE	FALSE
VNN2	FALSE	FALSE	FALSE	FALSE	TRUE	TRUE
REPS1	FALSE	FALSE	FALSE	FALSE	TRUE	FALSE
ABRACL	FALSE	FALSE	FALSE	FALSE	TRUE	TRUE
PEX3	FALSE	FALSE	FALSE	FALSE	TRUE	FALSE
ZDHHC14	FALSE	FALSE	FALSE	FALSE	TRUE	FALSE
SERAC1	FALSE	FALSE	FALSE	FALSE	TRUE	FALSE
CCZ1	FALSE	FALSE	FALSE	FALSE	TRUE	FALSE
RAC1	FALSE	FALSE	FALSE	FALSE	TRUE	FALSE
NFE2L3	FALSE	FALSE	FALSE	FALSE	TRUE	FALSE
JAZF1	FALSE	FALSE	FALSE	FALSE	TRUE	FALSE
CHN2	FALSE	FALSE	FALSE	FALSE	TRUE	FALSE
GPR141	FALSE	FALSE	FALSE	FALSE	TRUE	FALSE
BLVRA	FALSE	FALSE	FALSE	FALSE	TRUE	FALSE
VKORC1L1	FALSE	FALSE	FALSE	FALSE	TRUE	FALSE
BUD23	FALSE	FALSE	FALSE	FALSE	TRUE	FALSE
ABHD11	FALSE	FALSE	FALSE	FALSE	TRUE	FALSE
LIMK1	FALSE	FALSE	FALSE	FALSE	TRUE	FALSE
ZP3	FALSE	FALSE	FALSE	FALSE	TRUE	FALSE
SEMA3C	FALSE	FALSE	FALSE	FALSE	TRUE	FALSE
FZD1	FALSE	FALSE	FALSE	FALSE	TRUE	FALSE
PON2	FALSE	FALSE	FALSE	FALSE	TRUE	TRUE
SLC25A13	FALSE	FALSE	FALSE	FALSE	TRUE	FALSE
BRI3	FALSE	FALSE	FALSE	FALSE	TRUE	FALSE
AP4M1	FALSE	FALSE	FALSE	FALSE	TRUE	FALSE
MOSPD3	FALSE	FALSE	FALSE	FALSE	TRUE	FALSE
EPHB4	FALSE	FALSE	FALSE	FALSE	TRUE	FALSE
IMPDH1	FALSE	FALSE	FALSE	FALSE	TRUE	FALSE
IRF5	FALSE	FALSE	FALSE	FALSE	TRUE	TRUE
TSPAN33	FALSE	FALSE	FALSE	FALSE	TRUE	FALSE
TMEM140	FALSE	FALSE	FALSE	FALSE	TRUE	FALSE
TRIM24	FALSE	FALSE	FALSE	FALSE	TRUE	FALSE
CLCN1	FALSE	FALSE	FALSE	FALSE	TRUE	TRUE
TPK1	FALSE	FALSE	FALSE	FALSE	TRUE	FALSE
GIMAP8	FALSE	FALSE	FALSE	FALSE	TRUE	FALSE
GIMAP4	FALSE	FALSE	FALSE	FALSE	TRUE	FALSE
TMEM176B	FALSE	FALSE	FALSE	FALSE	TRUE	TRUE
TMEM176A	FALSE	FALSE	FALSE	FALSE	TRUE	TRUE
AGAP3	FALSE	FALSE	FALSE	FALSE	TRUE	FALSE
MTMR9	FALSE	FALSE	FALSE	FALSE	TRUE	FALSE
CTSB	FALSE	FALSE	FALSE	FALSE	TRUE	FALSE
ASAH1	FALSE	FALSE	FALSE	FALSE	TRUE	FALSE
PTK2B	FALSE	FALSE	FALSE	FALSE	TRUE	FALSE
CCDC25	FALSE	FALSE	FALSE	FALSE	TRUE	FALSE
NRG1	FALSE	FALSE	FALSE	FALSE	TRUE	FALSE
ASPH	FALSE	FALSE	FALSE	FALSE	TRUE	FALSE
TP53INP1	FALSE	FALSE	FALSE	FALSE	TRUE	FALSE
NIPAL2	FALSE	FALSE	FALSE	FALSE	TRUE	FALSE
OXR1	FALSE	FALSE	FALSE	FALSE	TRUE	FALSE
ENPP2	FALSE	FALSE	FALSE	FALSE	TRUE	FALSE
DNAAF11	FALSE	FALSE	FALSE	FALSE	TRUE	FALSE
TRAPPC9	FALSE	FALSE	FALSE	FALSE	TRUE	FALSE
ZNF34	FALSE	FALSE	FALSE	FALSE	TRUE	FALSE
CDKN2B	FALSE	FALSE	FALSE	FALSE	TRUE	FALSE
C9orf72	FALSE	FALSE	FALSE	FALSE	TRUE	FALSE
IL11RA	FALSE	FALSE	FALSE	FALSE	TRUE	FALSE
PRUNE2	FALSE	FALSE	FALSE	FALSE	TRUE	TRUE
GOLM1	FALSE	FALSE	FALSE	FALSE	TRUE	FALSE
SUSD3	FALSE	FALSE	FALSE	FALSE	TRUE	FALSE
MFSD14B	FALSE	FALSE	FALSE	FALSE	TRUE	FALSE
CORO2A	FALSE	FALSE	FALSE	FALSE	TRUE	FALSE
SUSD1	FALSE	FALSE	FALSE	FALSE	TRUE	FALSE
NEK6	FALSE	FALSE	FALSE	FALSE	TRUE	FALSE
BBLN	FALSE	FALSE	FALSE	FALSE	TRUE	FALSE
MED22	FALSE	FALSE	FALSE	FALSE	TRUE	FALSE
SURF1	FALSE	FALSE	FALSE	FALSE	TRUE	FALSE
AGPAT2	FALSE	FALSE	FALSE	FALSE	TRUE	FALSE
PAXX	FALSE	FALSE	FALSE	FALSE	TRUE	FALSE
SAPCD2	FALSE	FALSE	FALSE	FALSE	TRUE	FALSE
UAP1L1	FALSE	FALSE	FALSE	FALSE	TRUE	FALSE
SFMBT2	FALSE	FALSE	FALSE	FALSE	TRUE	FALSE
PHYH	FALSE	FALSE	FALSE	FALSE	TRUE	FALSE
ARHGAP22	FALSE	FALSE	FALSE	FALSE	TRUE	FALSE
CISD1	FALSE	FALSE	FALSE	FALSE	TRUE	FALSE
ADK	FALSE	FALSE	FALSE	FALSE	TRUE	TRUE
LRMDA	FALSE	FALSE	FALSE	FALSE	TRUE	FALSE
KCNMA1	FALSE	FALSE	FALSE	FALSE	TRUE	TRUE
PRXL2A	FALSE	FALSE	FALSE	FALSE	TRUE	FALSE
LIPN	FALSE	FALSE	FALSE	FALSE	TRUE	FALSE
LIPA	FALSE	FALSE	FALSE	FALSE	TRUE	TRUE
RRP12	FALSE	FALSE	FALSE	FALSE	TRUE	FALSE
ACSL5	FALSE	FALSE	FALSE	FALSE	TRUE	FALSE
CASP7	FALSE	FALSE	FALSE	FALSE	TRUE	FALSE
SHTN1	FALSE	FALSE	FALSE	FALSE	TRUE	TRUE
POLR2L	FALSE	FALSE	FALSE	FALSE	TRUE	FALSE
TSPAN4	FALSE	FALSE	FALSE	FALSE	TRUE	FALSE
LSP1	FALSE	FALSE	FALSE	FALSE	TRUE	TRUE
SLC22A18AS	FALSE	FALSE	FALSE	FALSE	TRUE	FALSE
CAVIN3	FALSE	FALSE	FALSE	FALSE	TRUE	FALSE
HTATIP2	FALSE	FALSE	FALSE	FALSE	TRUE	FALSE
TCP11L1	FALSE	FALSE	FALSE	FALSE	TRUE	FALSE
CRY2	FALSE	FALSE	FALSE	FALSE	TRUE	FALSE
TMEM216	FALSE	FALSE	FALSE	FALSE	TRUE	FALSE
ASRGL1	FALSE	FALSE	FALSE	FALSE	TRUE	FALSE
TMEM223	FALSE	FALSE	FALSE	FALSE	TRUE	TRUE
NXF1	FALSE	FALSE	FALSE	FALSE	TRUE	FALSE
LGALS12	FALSE	FALSE	FALSE	FALSE	TRUE	FALSE
RIN1	FALSE	FALSE	FALSE	FALSE	TRUE	FALSE
RPS6KB2	FALSE	FALSE	FALSE	FALSE	TRUE	FALSE
FOLR3	FALSE	FALSE	FALSE	FALSE	TRUE	TRUE
CCDC82	FALSE	FALSE	FALSE	FALSE	TRUE	FALSE
FDX1	FALSE	FALSE	FALSE	FALSE	TRUE	FALSE
C11orf71	FALSE	FALSE	FALSE	FALSE	TRUE	FALSE
TAGLN	FALSE	FALSE	FALSE	FALSE	TRUE	FALSE
BCL9L	FALSE	FALSE	FALSE	FALSE	TRUE	FALSE
NRGN	FALSE	FALSE	FALSE	FALSE	TRUE	FALSE
FAM118B	FALSE	FALSE	FALSE	FALSE	TRUE	FALSE
DCPS	FALSE	FALSE	FALSE	FALSE	TRUE	FALSE
ERC1	FALSE	FALSE	FALSE	FALSE	TRUE	FALSE
CD9	FALSE	FALSE	FALSE	FALSE	TRUE	FALSE
MRPL51	FALSE	FALSE	FALSE	FALSE	TRUE	FALSE
C3AR1	FALSE	FALSE	FALSE	FALSE	TRUE	FALSE
CLEC2D	FALSE	FALSE	FALSE	FALSE	TRUE	FALSE
CLEC12A	FALSE	FALSE	FALSE	FALSE	TRUE	TRUE
CLEC12B	FALSE	FALSE	FALSE	FALSE	TRUE	FALSE
TMTC1	FALSE	FALSE	FALSE	FALSE	TRUE	FALSE
ZCRB1	FALSE	FALSE	FALSE	FALSE	TRUE	FALSE
ZNF641	FALSE	FALSE	FALSE	FALSE	TRUE	FALSE
GALNT6	FALSE	FALSE	FALSE	FALSE	TRUE	FALSE
SMUG1	FALSE	FALSE	FALSE	FALSE	TRUE	FALSE
CD63	FALSE	FALSE	FALSE	FALSE	TRUE	FALSE
ARHGAP9	FALSE	FALSE	FALSE	FALSE	TRUE	FALSE
HELB	FALSE	FALSE	FALSE	FALSE	TRUE	FALSE
MDM1	FALSE	FALSE	FALSE	FALSE	TRUE	FALSE
LYZ	FALSE	FALSE	FALSE	FALSE	TRUE	TRUE
NEDD1	FALSE	FALSE	FALSE	FALSE	TRUE	FALSE
IKBIP	FALSE	FALSE	FALSE	FALSE	TRUE	FALSE
WASHC3	FALSE	FALSE	FALSE	FALSE	TRUE	FALSE
NT5DC3	FALSE	FALSE	FALSE	FALSE	TRUE	FALSE
SSH1	FALSE	FALSE	FALSE	FALSE	TRUE	FALSE
ACACB	FALSE	FALSE	FALSE	FALSE	TRUE	FALSE
UBE3B	FALSE	FALSE	FALSE	FALSE	TRUE	FALSE
GPN3	FALSE	FALSE	FALSE	FALSE	TRUE	FALSE
RPH3A	FALSE	FALSE	FALSE	FALSE	TRUE	FALSE
FBXW8	FALSE	FALSE	FALSE	FALSE	TRUE	FALSE
BCL7A	FALSE	FALSE	FALSE	FALSE	TRUE	FALSE
TMED2	FALSE	FALSE	FALSE	FALSE	TRUE	FALSE
ANKLE2	FALSE	FALSE	FALSE	FALSE	TRUE	FALSE
ZNF605	FALSE	FALSE	FALSE	FALSE	TRUE	FALSE
ALOX5AP	FALSE	FALSE	FALSE	FALSE	TRUE	FALSE
SUPT20H	FALSE	FALSE	FALSE	FALSE	TRUE	FALSE
RCBTB1	FALSE	FALSE	FALSE	FALSE	TRUE	FALSE
GGACT	FALSE	FALSE	FALSE	FALSE	TRUE	FALSE
ARHGEF40	FALSE	FALSE	FALSE	FALSE	TRUE	FALSE
FAM177A1	FALSE	FALSE	FALSE	FALSE	TRUE	FALSE
PPP2R3C	FALSE	FALSE	FALSE	FALSE	TRUE	TRUE
ERO1A	FALSE	FALSE	FALSE	FALSE	TRUE	FALSE
PSMA3	FALSE	FALSE	FALSE	FALSE	TRUE	FALSE
JKAMP	FALSE	FALSE	FALSE	FALSE	TRUE	FALSE
SLC38A6	FALSE	FALSE	FALSE	FALSE	TRUE	FALSE
PLEKHG3	FALSE	FALSE	FALSE	FALSE	TRUE	FALSE
TMEM229B	FALSE	FALSE	FALSE	FALSE	TRUE	FALSE
GPATCH2L	FALSE	FALSE	FALSE	FALSE	TRUE	FALSE
VASH1	FALSE	FALSE	FALSE	FALSE	TRUE	TRUE
SPTLC2	FALSE	FALSE	FALSE	FALSE	TRUE	FALSE
ADCK1	FALSE	FALSE	FALSE	FALSE	TRUE	FALSE
SLC24A4	FALSE	FALSE	FALSE	FALSE	TRUE	TRUE
MARK3	FALSE	FALSE	FALSE	FALSE	TRUE	FALSE
FAN1	FALSE	FALSE	FALSE	FALSE	TRUE	FALSE
NOP10	FALSE	FALSE	FALSE	FALSE	TRUE	TRUE
KNSTRN	FALSE	FALSE	FALSE	FALSE	TRUE	FALSE
AFG2B	FALSE	FALSE	FALSE	FALSE	TRUE	FALSE
ATP8B4	FALSE	FALSE	FALSE	FALSE	TRUE	FALSE
SNAPC5	FALSE	FALSE	FALSE	FALSE	TRUE	FALSE
CLN6	FALSE	FALSE	FALSE	FALSE	TRUE	FALSE
ETFA	FALSE	FALSE	FALSE	FALSE	TRUE	FALSE
SKIC8	FALSE	FALSE	FALSE	FALSE	TRUE	FALSE
CTSH	FALSE	FALSE	FALSE	FALSE	TRUE	TRUE
TM6SF1	FALSE	FALSE	FALSE	FALSE	TRUE	FALSE
MFGE8	FALSE	FALSE	FALSE	FALSE	TRUE	FALSE
ANPEP	FALSE	FALSE	FALSE	FALSE	TRUE	TRUE
ARPIN	FALSE	FALSE	FALSE	FALSE	TRUE	FALSE
BLM	FALSE	FALSE	FALSE	FALSE	TRUE	FALSE
ARRDC4	FALSE	FALSE	FALSE	FALSE	TRUE	FALSE
POLR3K	FALSE	FALSE	FALSE	FALSE	TRUE	FALSE
EME2	FALSE	FALSE	FALSE	FALSE	TRUE	FALSE
GFER	FALSE	FALSE	FALSE	FALSE	TRUE	FALSE
FLYWCH1	FALSE	FALSE	FALSE	FALSE	TRUE	FALSE
ROGDI	FALSE	FALSE	FALSE	FALSE	TRUE	FALSE
GLYR1	FALSE	FALSE	FALSE	FALSE	TRUE	FALSE
METTL22	FALSE	FALSE	FALSE	FALSE	TRUE	FALSE
CARHSP1	FALSE	FALSE	FALSE	FALSE	TRUE	FALSE
LITAF	FALSE	FALSE	FALSE	FALSE	TRUE	TRUE
SNX29	FALSE	FALSE	FALSE	FALSE	TRUE	FALSE
NOMO3	FALSE	FALSE	FALSE	FALSE	TRUE	FALSE
PRKCB	FALSE	FALSE	FALSE	FALSE	TRUE	FALSE
SULT1A2	FALSE	FALSE	FALSE	FALSE	TRUE	TRUE
SPN	FALSE	FALSE	FALSE	FALSE	TRUE	FALSE
MVP	FALSE	FALSE	FALSE	FALSE	TRUE	FALSE
SEPTIN1	FALSE	FALSE	FALSE	FALSE	TRUE	FALSE
HSD3B7	FALSE	FALSE	FALSE	FALSE	TRUE	FALSE
ITGAX	FALSE	FALSE	FALSE	FALSE	TRUE	FALSE
AKTIP	FALSE	FALSE	FALSE	FALSE	TRUE	FALSE
CES1	FALSE	FALSE	FALSE	FALSE	TRUE	FALSE
GOT2	FALSE	FALSE	FALSE	FALSE	TRUE	FALSE
TK2	FALSE	FALSE	FALSE	FALSE	TRUE	FALSE
GFOD2	FALSE	FALSE	FALSE	FALSE	TRUE	FALSE
DUS2	FALSE	FALSE	FALSE	FALSE	TRUE	FALSE
SLC7A6	FALSE	FALSE	FALSE	FALSE	TRUE	FALSE
EXOSC6	FALSE	FALSE	FALSE	FALSE	TRUE	FALSE
HP	FALSE	FALSE	FALSE	FALSE	TRUE	FALSE
RFWD3	FALSE	FALSE	FALSE	FALSE	TRUE	FALSE
NUDT7	FALSE	FALSE	FALSE	FALSE	TRUE	FALSE
CENPN	FALSE	FALSE	FALSE	FALSE	TRUE	FALSE
FBXO31	FALSE	FALSE	FALSE	FALSE	TRUE	FALSE
CYBA	FALSE	FALSE	FALSE	FALSE	TRUE	FALSE
RNF166	FALSE	FALSE	FALSE	FALSE	TRUE	FALSE
ANKRD11	FALSE	FALSE	FALSE	FALSE	TRUE	FALSE
SPG7	FALSE	FALSE	FALSE	FALSE	TRUE	FALSE
RPL13	FALSE	FALSE	FALSE	FALSE	TRUE	FALSE
RPH3AL	FALSE	FALSE	FALSE	FALSE	TRUE	FALSE
PITPNA	FALSE	FALSE	FALSE	FALSE	TRUE	FALSE
P2RX1	FALSE	FALSE	FALSE	FALSE	TRUE	TRUE
SCIMP	FALSE	FALSE	FALSE	FALSE	TRUE	FALSE
CHRNB1	FALSE	FALSE	FALSE	FALSE	TRUE	FALSE
TNFSF12	FALSE	FALSE	FALSE	FALSE	TRUE	FALSE
AURKB	FALSE	FALSE	FALSE	FALSE	TRUE	FALSE
STX8	FALSE	FALSE	FALSE	FALSE	TRUE	FALSE
TMEM220	FALSE	FALSE	FALSE	FALSE	TRUE	FALSE
MPRIP	FALSE	FALSE	FALSE	FALSE	TRUE	FALSE
COPS3	FALSE	FALSE	FALSE	FALSE	TRUE	FALSE
POLDIP2	FALSE	FALSE	FALSE	FALSE	TRUE	FALSE
FLOT2	FALSE	FALSE	FALSE	FALSE	TRUE	FALSE
ATAD5	FALSE	FALSE	FALSE	FALSE	TRUE	FALSE
SLFN12	FALSE	FALSE	FALSE	FALSE	TRUE	FALSE
CCL3	FALSE	FALSE	FALSE	FALSE	TRUE	FALSE
JUP	FALSE	FALSE	FALSE	FALSE	TRUE	FALSE
TBKBP1	FALSE	FALSE	FALSE	FALSE	TRUE	FALSE
UBE2Z	FALSE	FALSE	FALSE	FALSE	TRUE	FALSE
ABCC3	FALSE	FALSE	FALSE	FALSE	TRUE	TRUE
MPO	FALSE	FALSE	FALSE	FALSE	TRUE	FALSE
TRIM37	FALSE	FALSE	FALSE	FALSE	TRUE	FALSE
TANC2	FALSE	FALSE	FALSE	FALSE	TRUE	FALSE
SMARCD2	FALSE	FALSE	FALSE	FALSE	TRUE	FALSE
ICAM2	FALSE	FALSE	FALSE	FALSE	TRUE	FALSE
FAM20A	FALSE	FALSE	FALSE	FALSE	TRUE	FALSE
RPL38	FALSE	FALSE	FALSE	FALSE	TRUE	FALSE
GPRC5C	FALSE	FALSE	FALSE	FALSE	TRUE	FALSE
ACOX1	FALSE	FALSE	FALSE	FALSE	TRUE	FALSE
ST6GALNAC2	FALSE	FALSE	FALSE	FALSE	TRUE	FALSE
MXRA7	FALSE	FALSE	FALSE	FALSE	TRUE	FALSE
ENGASE	FALSE	FALSE	FALSE	FALSE	TRUE	FALSE
GAA	FALSE	FALSE	FALSE	FALSE	TRUE	FALSE
AATK	FALSE	FALSE	FALSE	FALSE	TRUE	FALSE
RBBP8	FALSE	FALSE	FALSE	FALSE	TRUE	FALSE
ELP2	FALSE	FALSE	FALSE	FALSE	TRUE	TRUE
PIAS2	FALSE	FALSE	FALSE	FALSE	TRUE	FALSE
SERPINB10	FALSE	FALSE	FALSE	FALSE	TRUE	FALSE
ZNF407	FALSE	FALSE	FALSE	FALSE	TRUE	FALSE
PTGR3	FALSE	FALSE	FALSE	FALSE	TRUE	FALSE
ATP9B	FALSE	FALSE	FALSE	FALSE	TRUE	FALSE
HSBP1L1	FALSE	FALSE	FALSE	FALSE	TRUE	FALSE
GADD45B	FALSE	FALSE	FALSE	FALSE	TRUE	FALSE
PEX11G	FALSE	FALSE	FALSE	FALSE	TRUE	FALSE
STXBP2	FALSE	FALSE	FALSE	FALSE	TRUE	FALSE
FCER2	FALSE	FALSE	FALSE	FALSE	TRUE	TRUE
ICAM4	FALSE	FALSE	FALSE	FALSE	TRUE	TRUE
ZGLP1	FALSE	FALSE	FALSE	FALSE	TRUE	FALSE
ICAM3	FALSE	FALSE	FALSE	FALSE	TRUE	TRUE
CDC37	FALSE	FALSE	FALSE	FALSE	TRUE	FALSE
PRDX2	FALSE	FALSE	FALSE	FALSE	TRUE	FALSE
DDX39A	FALSE	FALSE	FALSE	FALSE	TRUE	FALSE
CPAMD8	FALSE	FALSE	FALSE	FALSE	TRUE	FALSE
OCEL1	FALSE	FALSE	FALSE	FALSE	TRUE	FALSE
ANO8	FALSE	FALSE	FALSE	FALSE	TRUE	FALSE
CCDC124	FALSE	FALSE	FALSE	FALSE	TRUE	FALSE
UBA52	FALSE	FALSE	FALSE	FALSE	TRUE	FALSE
REX1BD	FALSE	FALSE	FALSE	FALSE	TRUE	FALSE
ZNF506	FALSE	FALSE	FALSE	FALSE	TRUE	FALSE
ZNF708	FALSE	FALSE	FALSE	FALSE	TRUE	FALSE
ZNF493	FALSE	FALSE	FALSE	FALSE	TRUE	FALSE
ZNF675	FALSE	FALSE	FALSE	FALSE	TRUE	FALSE
SPINT2	FALSE	FALSE	FALSE	FALSE	TRUE	FALSE
C19orf33	FALSE	FALSE	FALSE	FALSE	TRUE	FALSE
MAP4K1	FALSE	FALSE	FALSE	FALSE	TRUE	FALSE
HNRNPL	FALSE	FALSE	FALSE	FALSE	TRUE	FALSE
RPS16	FALSE	FALSE	FALSE	FALSE	TRUE	TRUE
C19orf47	FALSE	FALSE	FALSE	FALSE	TRUE	FALSE
PLAUR	FALSE	FALSE	FALSE	FALSE	TRUE	FALSE
NECTIN2	FALSE	FALSE	FALSE	FALSE	TRUE	FALSE
MARK4	FALSE	FALSE	FALSE	FALSE	TRUE	FALSE
CKM	FALSE	FALSE	FALSE	FALSE	TRUE	FALSE
ERCC1	FALSE	FALSE	FALSE	FALSE	TRUE	FALSE
PLA2G4C	FALSE	FALSE	FALSE	FALSE	TRUE	FALSE
SIGLEC11	FALSE	FALSE	FALSE	FALSE	TRUE	TRUE
NAPSA	FALSE	FALSE	FALSE	FALSE	TRUE	TRUE
SIGLEC12	FALSE	FALSE	FALSE	FALSE	TRUE	FALSE
FPR1	FALSE	FALSE	FALSE	FALSE	TRUE	TRUE
ZNF880	FALSE	FALSE	FALSE	FALSE	TRUE	FALSE
ZNF83	FALSE	FALSE	FALSE	FALSE	TRUE	FALSE
VSTM1	FALSE	FALSE	FALSE	FALSE	TRUE	TRUE
OSCAR	FALSE	FALSE	FALSE	FALSE	TRUE	FALSE
LILRA6	FALSE	FALSE	FALSE	FALSE	TRUE	FALSE
LILRB5	FALSE	FALSE	FALSE	FALSE	TRUE	FALSE
LILRA2	FALSE	FALSE	FALSE	FALSE	TRUE	FALSE
LILRA1	FALSE	FALSE	FALSE	FALSE	TRUE	FALSE
ZNF587	FALSE	FALSE	FALSE	FALSE	TRUE	FALSE
SIRPB2	FALSE	FALSE	FALSE	FALSE	TRUE	TRUE
SIRPB1	FALSE	FALSE	FALSE	FALSE	TRUE	TRUE
CDC25B	FALSE	FALSE	FALSE	FALSE	TRUE	FALSE
CDS2	FALSE	FALSE	FALSE	FALSE	TRUE	FALSE
MGME1	FALSE	FALSE	FALSE	FALSE	TRUE	FALSE
SMIM26	FALSE	FALSE	FALSE	FALSE	TRUE	FALSE
HM13	FALSE	FALSE	FALSE	FALSE	TRUE	FALSE
MMP24OS	FALSE	FALSE	FALSE	FALSE	TRUE	FALSE
EIF6	FALSE	FALSE	FALSE	FALSE	TRUE	FALSE
PPP1R16B	FALSE	FALSE	FALSE	FALSE	TRUE	TRUE
OSER1	FALSE	FALSE	FALSE	FALSE	TRUE	FALSE
SULF2	FALSE	FALSE	FALSE	FALSE	TRUE	TRUE
COL9A3	FALSE	FALSE	FALSE	FALSE	TRUE	FALSE
BCL2L13	FALSE	FALSE	FALSE	FALSE	TRUE	TRUE
ESS2	FALSE	FALSE	FALSE	FALSE	TRUE	FALSE
DGCR6L	FALSE	FALSE	FALSE	FALSE	TRUE	FALSE
SRRD	FALSE	FALSE	FALSE	FALSE	TRUE	FALSE
PES1	FALSE	FALSE	FALSE	FALSE	TRUE	FALSE
DUSP18	FALSE	FALSE	FALSE	FALSE	TRUE	FALSE
CDC42EP1	FALSE	FALSE	FALSE	FALSE	TRUE	FALSE
LGALS2	FALSE	FALSE	FALSE	FALSE	TRUE	TRUE
APOBEC3A	FALSE	FALSE	FALSE	FALSE	TRUE	FALSE
APOBEC3B	FALSE	FALSE	FALSE	FALSE	TRUE	TRUE
RPL3	FALSE	FALSE	FALSE	FALSE	TRUE	FALSE
MEI1	FALSE	FALSE	FALSE	FALSE	TRUE	FALSE
NDUFA6	FALSE	FALSE	FALSE	FALSE	TRUE	FALSE
UPK3A	FALSE	FALSE	FALSE	FALSE	TRUE	TRUE
SCML1	FALSE	FALSE	FALSE	FALSE	TRUE	FALSE
GPR34	FALSE	FALSE	FALSE	FALSE	TRUE	TRUE
PRICKLE3	FALSE	FALSE	FALSE	FALSE	TRUE	FALSE
TSPYL2	FALSE	FALSE	FALSE	FALSE	TRUE	FALSE
STARD8	FALSE	FALSE	FALSE	FALSE	TRUE	FALSE
RTL5	FALSE	FALSE	FALSE	FALSE	TRUE	FALSE
MORF4L2	FALSE	FALSE	FALSE	FALSE	TRUE	FALSE
ELF4	FALSE	FALSE	FALSE	FALSE	TRUE	FALSE
RTL8B	FALSE	FALSE	FALSE	FALSE	TRUE	TRUE
MAP7D3	FALSE	FALSE	FALSE	FALSE	TRUE	FALSE
ZNF185	FALSE	FALSE	FALSE	FALSE	TRUE	TRUE
PNMA5	FALSE	FALSE	FALSE	FALSE	TRUE	FALSE
PLXNA3	FALSE	FALSE	FALSE	FALSE	TRUE	FALSE
FAM3A	FALSE	FALSE	FALSE	FALSE	TRUE	FALSE
F8A3	FALSE	FALSE	FALSE	FALSE	TRUE	FALSE
FUCA1	FALSE	FALSE	FALSE	FALSE	FALSE	TRUE
SF3B6	FALSE	FALSE	FALSE	FALSE	FALSE	TRUE
CLEC4F	FALSE	FALSE	FALSE	FALSE	FALSE	TRUE
ABI2	FALSE	FALSE	FALSE	FALSE	FALSE	TRUE
TLR1	FALSE	FALSE	FALSE	FALSE	FALSE	TRUE
ENPP4	FALSE	FALSE	FALSE	FALSE	FALSE	TRUE
PPP1R17	FALSE	FALSE	FALSE	FALSE	FALSE	TRUE
ANXA1	FALSE	FALSE	FALSE	FALSE	FALSE	TRUE
CENPP	FALSE	FALSE	FALSE	FALSE	FALSE	TRUE
CHST15	FALSE	FALSE	FALSE	FALSE	FALSE	TRUE
RASD1	FALSE	FALSE	FALSE	FALSE	FALSE	TRUE
USP36	FALSE	FALSE	FALSE	FALSE	FALSE	TRUE
RNF125	FALSE	FALSE	FALSE	FALSE	FALSE	TRUE
CEBPG	FALSE	FALSE	FALSE	FALSE	FALSE	TRUE
PLD3	FALSE	FALSE	FALSE	FALSE	FALSE	TRUE
CEACAM3	FALSE	FALSE	FALSE	FALSE	FALSE	TRUE
RPS19	FALSE	FALSE	FALSE	FALSE	FALSE	TRUE
LILRB1	FALSE	FALSE	FALSE	FALSE	FALSE	TRUE
FCAR	FALSE	FALSE	FALSE	FALSE	FALSE	TRUE
MX1	FALSE	FALSE	FALSE	FALSE	FALSE	TRUE
MSL3	FALSE	FALSE	FALSE	FALSE	FALSE	TRUE
MCTS1	FALSE	FALSE	FALSE	FALSE	FALSE	TRUE
