Genotype	Z_Score	DIAG	INFECTION_SEVERITY	HOSP	Cell	Gene
A/A	-1.29162524035964	COVID	1	Non-hospitalised	CD8	RPS26
G/A	1.29265258225886	COVID	1	Non-hospitalised	CD8	RPS26
A/A	-1.60391150474472	COVID	1	Non-hospitalised	CD8	RPS26
A/A	-1.06779327976042	COVID	1	Non-hospitalised	CD8	RPS26
G/A	0.527528313016481	COVID	1	Non-hospitalised	CD8	RPS26
A/A	-0.891426000954769	COVID	1	Non-hospitalised	CD8	RPS26
G/A	0.902452004675641	COVID	1	Non-hospitalised	CD8	RPS26
G/A	0.424653766592854	COVID	1	Non-hospitalised	CD8	RPS26
G/A	0.640708655195223	HEALTHY	0	Non-hospitalised	CD8	RPS26
G/G	2.32992394173253	HEALTHY	0	Non-hospitalised	CD8	RPS26
A/A	-1.48277897857768	HEALTHY	0	Non-hospitalised	CD8	RPS26
A/A	-2.19686579870905	HEALTHY	0	Non-hospitalised	CD8	RPS26
G/G	1.68320573072404	HEALTHY	0	Non-hospitalised	CD8	RPS26
G/A	0.195824495172455	HEALTHY	0	Non-hospitalised	CD8	RPS26
G/G	1.82129893253487	HEALTHY	0	Non-hospitalised	CD8	RPS26
G/A	0.260361668913547	HEALTHY	0	Non-hospitalised	CD8	RPS26
A/A	-2.6859261527044	SEPSIS	3	Hospitalised	CD8	RPS26
G/A	0.679732125433474	SEPSIS	4	Hospitalised	CD8	RPS26
G/A	-0.356923602696097	SEPSIS	4	Hospitalised	CD8	RPS26
G/A	0.853568251340655	SEPSIS	3	Hospitalised	CD8	RPS26
G/A	1.21519046147163	SEPSIS	3	Hospitalised	CD8	RPS26
G/A	1.13447440949311	SEPSIS	3	Hospitalised	CD8	RPS26
G/A	1.00898336090798	SEPSIS	3	Hospitalised	CD8	RPS26
A/A	-1.00454072108637	SEPSIS	3	Hospitalised	CD8	RPS26
A/A	-1.75110369440655	SEPSIS	3	Hospitalised	CD8	RPS26
G/A	0.807500910174335	SEPSIS	3	Hospitalised	CD8	RPS26
G/A	0.0689332838686876	SEPSIS	3	Hospitalised	CD8	RPS26
A/A	-1.93135373017852	SEPSIS	3	Hospitalised	CD8	RPS26
G/A	0.325429909845932	SEPSIS	3	Hospitalised	CD8	RPS26
G/A	0.391264869221109	SEPSIS	4	Hospitalised	CD8	RPS26
G/A	0.100303363534628	SEPSIS	4	Hospitalised	CD8	RPS26
G/A	-0.153373739804053	SEPSIS	3	Hospitalised	CD8	RPS26
A/A	-0.792711018205184	COVID	2	Hospitalised	CD8	RPS26
G/G	2.00514474994484	COVID	2	Hospitalised	CD8	RPS26
A/A	-1.38225281638524	COVID	3	Hospitalised	CD8	RPS26
G/A	0.602054478375391	COVID	2	Hospitalised	CD8	RPS26
G/A	-0.121060531398346	COVID	4	Hospitalised	CD8	RPS26
G/A	0.458548243476008	COVID	2	Hospitalised	CD8	RPS26
G/A	0.227864775630309	COVID	4	Hospitalised	CD8	RPS26
A/A	-0.57816676731301	COVID	4	Hospitalised	CD8	RPS26
A/A	-0.539720866014494	COVID	3	Hospitalised	CD8	RPS26
G/A	0.292808705789783	COVID	3	Hospitalised	CD8	RPS26
A/A	-0.618063153653795	COVID	3	Hospitalised	CD8	RPS26
G/A	0.131123939752502	COVID	3	Hospitalised	CD8	RPS26
A/A	-0.464481071028642	COVID	3	Hospitalised	CD8	RPS26
G/A	-0.186170641218001	COVID	3	Hospitalised	CD8	RPS26
G/G	1.06790373777391	COVID	4	Hospitalised	CD8	RPS26
A/A	-0.701403425891072	COVID	3	Hospitalised	CD8	RPS26
A/A	-0.428218623581564	COVID	3	Hospitalised	CD8	RPS26
G/G	0.953847988309207	COVID	2	Hospitalised	CD8	RPS26
G/A	-0.222047231296296	COVID	4	Hospitalised	CD8	RPS26
G/A	-0.0254977649229969	COVID	3	Hospitalised	CD8	RPS26
G/A	0.492811775773564	COVID	4	Hospitalised	CD8	RPS26
G/A	0.763365550272173	COVID	3	Hospitalised	CD8	RPS26
G/A	0.56370780217477	COVID	3	Hospitalised	CD8	RPS26
G/A	-0.0890654928055712	COVID	2	Hospitalised	CD8	RPS26
A/A	-0.946018030669845	COVID	2	Hospitalised	CD8	RPS26
G/A	-0.322549905398834	COVID	3	Hospitalised	CD8	RPS26
G/G	1.3765303035695	COVID	3	Hospitalised	CD8	RPS26
A/A	-0.659310292556854	COVID	2	Hospitalised	CD8	RPS26
G/G	1.56960646015779	COVID	3	Hospitalised	CD8	RPS26
A/A	-1.21115340549967	COVID	4	Hospitalised	CD8	RPS26
A/A	-0.392294061120616	COVID	4	Hospitalised	CD8	RPS26
A/A	-0.74614985391978	COVID	3	Hospitalised	CD8	RPS26
G/A	0.163295529860667	COVID	3	Hospitalised	CD8	RPS26
G/A	-0.25517240580811	COVID	3	Hospitalised	CD8	RPS26
A/A	-1.13678311990161	COVID	4	Hospitalised	CD8	RPS26
A/A	-0.501453213520677	COVID	3	Hospitalised	CD8	RPS26
G/A	0.0059232071592585	COVID	3	Hospitalised	CD8	RPS26
G/A	0.72082440465039	COVID	2	Hospitalised	CD8	RPS26
A/A	-0.84080688872179	COVID	3	Hospitalised	CD8	RPS26
G/A	-0.288558441968638	COVID	2	Hospitalised	CD8	RPS26
G/A	0.358604699154223	COVID	2	Hospitalised	CD8	RPS26
G/G	1.46836514962732	COVID	3	Hospitalised	CD8	RPS26
G/G	0.0373085213377373	COVID	2	Hospitalised	CD8	RPS26
G/A	-0.0568995921144969	COVID	3	Hospitalised	CD8	RPS26
A/A	-1.1561402626076	COVID	1	Non-hospitalised	cMono	RPS26
G/A	1.15285845544433	COVID	1	Non-hospitalised	cMono	RPS26
A/A	-0.980834665539369	COVID	1	Non-hospitalised	cMono	RPS26
A/A	-0.879082923867603	COVID	1	Non-hospitalised	cMono	RPS26
G/A	0.465719946676894	COVID	1	Non-hospitalised	cMono	RPS26
A/A	-0.5350563754009	COVID	1	Non-hospitalised	cMono	RPS26
G/A	0.979770592783495	COVID	1	Non-hospitalised	cMono	RPS26
G/A	0.833418826431207	COVID	1	Non-hospitalised	cMono	RPS26
G/A	0.579133587502772	HEALTHY	0	Non-hospitalised	cMono	RPS26
G/G	2.06159209267186	HEALTHY	0	Non-hospitalised	cMono	RPS26
A/A	-1.22288863509032	HEALTHY	0	Non-hospitalised	cMono	RPS26
A/A	-1.85276324461854	HEALTHY	0	Non-hospitalised	cMono	RPS26
G/G	2.42036468224851	HEALTHY	0	Non-hospitalised	cMono	RPS26
G/A	0.324324222447575	HEALTHY	0	Non-hospitalised	cMono	RPS26
G/G	1.67935358434206	HEALTHY	0	Non-hospitalised	cMono	RPS26
G/A	0.619034104099494	HEALTHY	0	Non-hospitalised	cMono	RPS26
A/A	-1.56994398476099	SEPSIS	3	Hospitalised	cMono	RPS26
G/A	0.119960331511961	SEPSIS	4	Hospitalised	cMono	RPS26
G/A	-0.247932285420698	SEPSIS	4	Hospitalised	cMono	RPS26
G/A	0.700156084822184	SEPSIS	3	Hospitalised	cMono	RPS26
G/A	0.88037643286373	SEPSIS	3	Hospitalised	cMono	RPS26
G/A	0.289559924774191	SEPSIS	3	Hospitalised	cMono	RPS26
G/A	1.0913119944313	SEPSIS	3	Hospitalised	cMono	RPS26
A/A	-1.29475759438731	SEPSIS	3	Hospitalised	cMono	RPS26
A/A	-2.49483710389171	SEPSIS	3	Hospitalised	cMono	RPS26
G/A	0.54075912367768	SEPSIS	3	Hospitalised	cMono	RPS26
G/A	0.359415342097378	SEPSIS	3	Hospitalised	cMono	RPS26
A/A	-1.3768826936609	SEPSIS	3	Hospitalised	cMono	RPS26
G/A	-0.316729184209392	SEPSIS	3	Hospitalised	cMono	RPS26
G/A	0.22034943354136	SEPSIS	4	Hospitalised	cMono	RPS26
G/A	0.186942218014727	SEPSIS	4	Hospitalised	cMono	RPS26
G/A	-0.045011020496454	SEPSIS	3	Hospitalised	cMono	RPS26
A/A	-0.614377259063075	COVID	2	Hospitalised	cMono	RPS26
G/G	1.82769182897436	COVID	2	Hospitalised	cMono	RPS26
A/A	-0.496426551121674	COVID	3	Hospitalised	cMono	RPS26
G/A	0.928448894822401	COVID	2	Hospitalised	cMono	RPS26
G/A	-0.281875651340275	COVID	4	Hospitalised	cMono	RPS26
G/A	0.152943729582369	COVID	2	Hospitalised	cMono	RPS26
G/A	-0.211733821747956	COVID	4	Hospitalised	cMono	RPS26
A/A	-0.422647807998231	COVID	4	Hospitalised	cMono	RPS26
A/A	-1.0941627415362	COVID	3	Hospitalised	cMono	RPS26
G/A	-0.0125475011467103	COVID	3	Hospitalised	cMono	RPS26
A/A	-0.574788439207902	COVID	3	Hospitalised	cMono	RPS26
G/A	-0.0779040934688827	COVID	3	Hospitalised	cMono	RPS26
A/A	-0.655084734223193	COVID	3	Hospitalised	cMono	RPS26
G/A	0.659377253543705	COVID	3	Hospitalised	cMono	RPS26
G/G	1.29593161078378	COVID	4	Hospitalised	cMono	RPS26
A/A	-1.69397171957251	COVID	3	Hospitalised	cMono	RPS26
A/A	-0.929027829785373	COVID	3	Hospitalised	cMono	RPS26
G/G	1.37552375380593	COVID	2	Hospitalised	cMono	RPS26
G/A	-0.386451199049283	COVID	4	Hospitalised	cMono	RPS26
G/A	-0.177883637592187	COVID	3	Hospitalised	cMono	RPS26
G/A	-0.111180758968721	COVID	4	Hospitalised	cMono	RPS26
G/A	1.03415965213209	COVID	3	Hospitalised	cMono	RPS26
G/A	-0.144345706444894	COVID	3	Hospitalised	cMono	RPS26
G/A	0.255050138119673	COVID	2	Hospitalised	cMono	RPS26
A/A	-2.07823864632877	COVID	2	Hospitalised	cMono	RPS26
G/A	0.0533182562525233	COVID	3	Hospitalised	cMono	RPS26
G/G	1.46219296317504	COVID	3	Hospitalised	cMono	RPS26
A/A	-0.78450876627394	COVID	2	Hospitalised	cMono	RPS26
G/G	1.56270522638877	COVID	3	Hospitalised	cMono	RPS26
A/A	-0.69679907591312	COVID	4	Hospitalised	cMono	RPS26
A/A	-0.45953308276353	COVID	4	Hospitalised	cMono	RPS26
A/A	-0.830428053324314	COVID	3	Hospitalised	cMono	RPS26
G/A	-0.351006618420055	COVID	3	Hospitalised	cMono	RPS26
G/A	0.020677835943058	COVID	3	Hospitalised	cMono	RPS26
A/A	-0.739888480496401	COVID	4	Hospitalised	cMono	RPS26
A/A	-1.46745822015368	COVID	3	Hospitalised	cMono	RPS26
G/A	0.502559062127766	COVID	3	Hospitalised	cMono	RPS26
G/A	0.743253076477238	COVID	2	Hospitalised	cMono	RPS26
A/A	-1.03623885178184	COVID	3	Hospitalised	cMono	RPS26
G/A	0.430386888001055	COVID	2	Hospitalised	cMono	RPS26
G/A	0.787128560694923	COVID	2	Hospitalised	cMono	RPS26
G/G	0.394672135956658	COVID	3	Hospitalised	cMono	RPS26
G/G	1.22403129370793	COVID	2	Hospitalised	cMono	RPS26
G/A	0.086916080802615	COVID	3	Hospitalised	cMono	RPS26
A/A	-1.16972505304755	COVID	1	Non-hospitalised	DC	RPS26
G/A	0.723601655096081	COVID	1	Non-hospitalised	DC	RPS26
A/A	-0.749444999810244	COVID	1	Non-hospitalised	DC	RPS26
A/A	-1.62318488241562	COVID	1	Non-hospitalised	DC	RPS26
G/A	0.200589689956416	COVID	1	Non-hospitalised	DC	RPS26
A/A	-0.363216097916197	COVID	1	Non-hospitalised	DC	RPS26
G/A	0.692567622318937	COVID	1	Non-hospitalised	DC	RPS26
G/A	0.661566288243528	COVID	1	Non-hospitalised	DC	RPS26
G/A	0.413534414869418	HEALTHY	0	Non-hospitalised	DC	RPS26
G/G	2.07831789360357	HEALTHY	0	Non-hospitalised	DC	RPS26
A/A	-1.77072090066692	HEALTHY	0	Non-hospitalised	DC	RPS26
A/A	-2.53737367119764	HEALTHY	0	Non-hospitalised	DC	RPS26
G/G	1.73688772553609	HEALTHY	0	Non-hospitalised	DC	RPS26
G/A	0.387091294406977	HEALTHY	0	Non-hospitalised	DC	RPS26
G/G	1.26074367994262	HEALTHY	0	Non-hospitalised	DC	RPS26
G/A	0.52024961209696	HEALTHY	0	Non-hospitalised	DC	RPS26
A/A	-1.26577052061322	SEPSIS	3	Hospitalised	DC	RPS26
G/A	0.75562293051923	SEPSIS	4	Hospitalised	DC	RPS26
G/A	-0.241582269743701	SEPSIS	4	Hospitalised	DC	RPS26
G/A	0.898348516250123	SEPSIS	3	Hospitalised	DC	RPS26
G/A	0.8600541952004	SEPSIS	3	Hospitalised	DC	RPS26
G/A	0.492459483028152	SEPSIS	3	Hospitalised	DC	RPS26
G/A	1.0791228143418	SEPSIS	3	Hospitalised	DC	RPS26
A/A	-1.9643878900224	SEPSIS	3	Hospitalised	DC	RPS26
A/A	-3.03742761887931	SEPSIS	3	Hospitalised	DC	RPS26
G/A	0.547651824025139	SEPSIS	3	Hospitalised	DC	RPS26
G/A	0.575034668274808	SEPSIS	3	Hospitalised	DC	RPS26
A/A	-2.2025621470191	SEPSIS	3	Hospitalised	DC	RPS26
G/A	0.0129145887491257	SEPSIS	3	Hospitalised	DC	RPS26
G/A	0.172400235080419	SEPSIS	4	Hospitalised	DC	RPS26
G/A	-0.0225726776037593	SEPSIS	4	Hospitalised	DC	RPS26
G/A	0.2818437991277	SEPSIS	3	Hospitalised	DC	RPS26
A/A	-0.495162745560447	COVID	2	Hospitalised	DC	RPS26
G/G	1.4355627706754	COVID	2	Hospitalised	DC	RPS26
A/A	-0.542521715620947	COVID	3	Hospitalised	DC	RPS26
G/A	0.63218328011438	COVID	2	Hospitalised	DC	RPS26
G/A	0.466004653632785	COVID	4	Hospitalised	DC	RPS26
G/A	0.308162984119295	COVID	2	Hospitalised	DC	RPS26
G/A	0.228309372465506	COVID	4	Hospitalised	DC	RPS26
A/A	-0.28168971596098	COVID	4	Hospitalised	DC	RPS26
A/A	-0.404919859135888	COVID	3	Hospitalised	DC	RPS26
G/A	0.788863682605858	COVID	3	Hospitalised	DC	RPS26
A/A	-0.809483196725989	COVID	3	Hospitalised	DC	RPS26
G/A	-0.0577358485814531	COVID	3	Hospitalised	DC	RPS26
A/A	-1.0861071657557	COVID	3	Hospitalised	DC	RPS26
G/A	0.603441470589572	COVID	3	Hospitalised	DC	RPS26
G/G	1.55750313034581	COVID	4	Hospitalised	DC	RPS26
A/A	-0.868672955486446	COVID	3	Hospitalised	DC	RPS26
A/A	-0.640935600628082	COVID	3	Hospitalised	DC	RPS26
G/G	0.981872201549622	COVID	2	Hospitalised	DC	RPS26
G/A	-0.165925382320268	COVID	4	Hospitalised	DC	RPS26
G/A	-0.129523736349136	COVID	3	Hospitalised	DC	RPS26
G/A	0.144049856175429	COVID	4	Hospitalised	DC	RPS26
G/A	0.824096726547517	COVID	3	Hospitalised	DC	RPS26
G/A	0.0478388190640554	COVID	3	Hospitalised	DC	RPS26
G/A	0.113853794225073	COVID	2	Hospitalised	DC	RPS26
A/A	-1.49147895404853	COVID	2	Hospitalised	DC	RPS26
G/A	-0.0933704162547149	COVID	3	Hospitalised	DC	RPS26
G/G	1.3388798178023	COVID	3	Hospitalised	DC	RPS26
A/A	-1.00854040694478	COVID	2	Hospitalised	DC	RPS26
G/G	1.1932830279455	COVID	3	Hospitalised	DC	RPS26
A/A	-0.590635461361934	COVID	4	Hospitalised	DC	RPS26
A/A	-0.322239909336566	COVID	4	Hospitalised	DC	RPS26
A/A	-0.449494376916075	COVID	3	Hospitalised	DC	RPS26
G/A	0.334487222905524	COVID	3	Hospitalised	DC	RPS26
G/A	0.255281463618275	COVID	3	Hospitalised	DC	RPS26
A/A	-0.694173677989473	COVID	4	Hospitalised	DC	RPS26
A/A	-1.36829694754203	COVID	3	Hospitalised	DC	RPS26
G/A	0.361319134292049	COVID	3	Hospitalised	DC	RPS26
G/A	0.938484561896174	COVID	2	Hospitalised	DC	RPS26
A/A	-0.934708407502254	COVID	3	Hospitalised	DC	RPS26
G/A	0.0816178438265288	COVID	2	Hospitalised	DC	RPS26
G/A	0.439715061537025	COVID	2	Hospitalised	DC	RPS26
G/G	1.13391287677023	COVID	3	Hospitalised	DC	RPS26
G/G	1.0283335431328	COVID	2	Hospitalised	DC	RPS26
G/A	-0.204075017546851	COVID	3	Hospitalised	DC	RPS26
A/A	-1.40345328932402	COVID	1	Non-hospitalised	NK	RPS26
G/A	0.838341312052187	COVID	1	Non-hospitalised	NK	RPS26
A/A	-1.30414947997787	COVID	1	Non-hospitalised	NK	RPS26
A/A	-0.657028959740628	COVID	1	Non-hospitalised	NK	RPS26
G/A	0.53986434048257	COVID	1	Non-hospitalised	NK	RPS26
A/A	-0.871289820977201	COVID	1	Non-hospitalised	NK	RPS26
G/A	1.02874132975272	COVID	1	Non-hospitalised	NK	RPS26
G/A	0.797234757941927	COVID	1	Non-hospitalised	NK	RPS26
G/A	-0.228522136924137	HEALTHY	0	Non-hospitalised	NK	RPS26
G/G	1.71118035018274	HEALTHY	0	Non-hospitalised	NK	RPS26
A/A	-2.04453764289623	HEALTHY	0	Non-hospitalised	NK	RPS26
A/A	-3.00031208004906	HEALTHY	0	Non-hospitalised	NK	RPS26
G/G	1.89552901476004	HEALTHY	0	Non-hospitalised	NK	RPS26
G/A	0.608322335471109	HEALTHY	0	Non-hospitalised	NK	RPS26
G/G	2.23867015676121	HEALTHY	0	Non-hospitalised	NK	RPS26
G/A	0.0532231513343866	HEALTHY	0	Non-hospitalised	NK	RPS26
A/A	-1.65172311769939	SEPSIS	3	Hospitalised	NK	RPS26
G/A	0.443220189936137	SEPSIS	4	Hospitalised	NK	RPS26
G/A	0.170947787694769	SEPSIS	4	Hospitalised	NK	RPS26
G/A	0.756609857747024	SEPSIS	3	Hospitalised	NK	RPS26
G/A	0.97631444143521	SEPSIS	3	Hospitalised	NK	RPS26
G/A	0.718009569721782	SEPSIS	3	Hospitalised	NK	RPS26
G/A	1.1593480461056	SEPSIS	3	Hospitalised	NK	RPS26
A/A	-1.06398429810676	SEPSIS	3	Hospitalised	NK	RPS26
A/A	-1.51570899556238	SEPSIS	3	Hospitalised	NK	RPS26
G/A	0.0826064353302341	SEPSIS	3	Hospitalised	NK	RPS26
G/A	0.380394655460352	SEPSIS	3	Hospitalised	NK	RPS26
A/A	-2.37729393012237	SEPSIS	3	Hospitalised	NK	RPS26
G/A	-0.262574974975184	SEPSIS	3	Hospitalised	NK	RPS26
G/A	0.141282053539805	SEPSIS	4	Hospitalised	NK	RPS26
G/A	-0.0673279106475395	SEPSIS	4	Hospitalised	NK	RPS26
G/A	0.506581188393688	SEPSIS	3	Hospitalised	NK	RPS26
A/A	-0.70813551789316	COVID	2	Hospitalised	NK	RPS26
G/G	1.30317832777562	COVID	2	Hospitalised	NK	RPS26
A/A	-0.404018121045446	COVID	3	Hospitalised	NK	RPS26
G/A	0.573928995312942	COVID	2	Hospitalised	NK	RPS26
G/A	-0.12906843617934	COVID	4	Hospitalised	NK	RPS26
G/A	0.349801243874761	COVID	2	Hospitalised	NK	RPS26
G/A	-0.163229439107853	COVID	4	Hospitalised	NK	RPS26
A/A	-0.331076260486215	COVID	4	Hospitalised	NK	RPS26
A/A	-0.758976439118019	COVID	3	Hospitalised	NK	RPS26
G/A	0.230775926087874	COVID	3	Hospitalised	NK	RPS26
A/A	-0.441259870489676	COVID	3	Hospitalised	NK	RPS26
G/A	0.200550223102551	COVID	3	Hospitalised	NK	RPS26
A/A	-1.13806363008959	COVID	3	Hospitalised	NK	RPS26
G/A	0.290640765453357	COVID	3	Hospitalised	NK	RPS26
G/G	1.47429992658322	COVID	4	Hospitalised	NK	RPS26
A/A	-1.21752436583544	COVID	3	Hospitalised	NK	RPS26
A/A	-0.480650302334823	COVID	3	Hospitalised	NK	RPS26
G/G	1.22913169557233	COVID	2	Hospitalised	NK	RPS26
G/A	-0.0058770126793534	COVID	4	Hospitalised	NK	RPS26
G/A	-0.296576016012466	COVID	3	Hospitalised	NK	RPS26
G/A	0.41152814822384	COVID	4	Hospitalised	NK	RPS26
G/A	0.882384134103771	COVID	3	Hospitalised	NK	RPS26
G/A	0.0237316718554239	COVID	3	Hospitalised	NK	RPS26
G/A	-0.0364141532286259	COVID	2	Hospitalised	NK	RPS26
A/A	-0.812965532149364	COVID	2	Hospitalised	NK	RPS26
G/A	0.260932601044614	COVID	3	Hospitalised	NK	RPS26
G/G	1.57896683079884	COVID	3	Hospitalised	NK	RPS26
A/A	-0.610196020589967	COVID	2	Hospitalised	NK	RPS26
G/G	1.38306528539315	COVID	3	Hospitalised	NK	RPS26
A/A	-0.521923129470618	COVID	4	Hospitalised	NK	RPS26
A/A	-0.565509174801115	COVID	4	Hospitalised	NK	RPS26
A/A	-0.367031717507149	COVID	3	Hospitalised	NK	RPS26
G/A	-0.195978742447497	COVID	3	Hospitalised	NK	RPS26
G/A	-0.0979799982403706	COVID	3	Hospitalised	NK	RPS26
A/A	-1.82840013294909	COVID	4	Hospitalised	NK	RPS26
A/A	-0.995178588655846	COVID	3	Hospitalised	NK	RPS26
G/A	0.643598171401543	COVID	3	Hospitalised	NK	RPS26
G/A	0.68037291579146	COVID	2	Hospitalised	NK	RPS26
A/A	-0.931018545167066	COVID	3	Hospitalised	NK	RPS26
G/A	0.320312677593629	COVID	2	Hospitalised	NK	RPS26
G/A	0.474582190162193	COVID	2	Hospitalised	NK	RPS26
G/G	1.08669347186475	COVID	3	Hospitalised	NK	RPS26
G/G	0.927840214269121	COVID	2	Hospitalised	NK	RPS26
G/A	0.112221393112439	COVID	3	Hospitalised	NK	RPS26
C/C	-0.201075782283189	COVID	1	Non-hospitalised	CD4	ADAM10
C/C	-1.3432240073374	COVID	1	Non-hospitalised	CD4	ADAM10
C/C	-1.26830548763694	COVID	1	Non-hospitalised	CD4	ADAM10
C/C	0.026366173266085	COVID	1	Non-hospitalised	CD4	ADAM10
C/C	0.962280257313212	COVID	1	Non-hospitalised	CD4	ADAM10
C/C	-1.02390818519617	COVID	1	Non-hospitalised	CD4	ADAM10
C/C	-0.971900414978244	COVID	1	Non-hospitalised	CD4	ADAM10
C/T	1.02098251300266	COVID	1	Non-hospitalised	CD4	ADAM10
C/C	-0.37186646834174	HEALTHY	0	Non-hospitalised	CD4	ADAM10
C/C	-1.52454827475944	HEALTHY	0	Non-hospitalised	CD4	ADAM10
C/C	-0.272029797086632	HEALTHY	0	Non-hospitalised	CD4	ADAM10
C/C	-0.548260281645606	HEALTHY	0	Non-hospitalised	CD4	ADAM10
C/C	-1.07906757252144	HEALTHY	0	Non-hospitalised	CD4	ADAM10
C/C	-0.168085782414742	HEALTHY	0	Non-hospitalised	CD4	ADAM10
C/C	-0.511683529353592	HEALTHY	0	Non-hospitalised	CD4	ADAM10
C/T	1.35084785076514	HEALTHY	0	Non-hospitalised	CD4	ADAM10
C/C	0.5864392150499	SEPSIS	3	Hospitalised	CD4	ADAM10
C/C	-0.743312268155702	SEPSIS	4	Hospitalised	CD4	ADAM10
C/C	1.63995902849585	SEPSIS	4	Hospitalised	CD4	ADAM10
C/C	-1.998175150245	SEPSIS	3	Hospitalised	CD4	ADAM10
C/C	-2.40716634934788	SEPSIS	3	Hospitalised	CD4	ADAM10
C/C	-1.6396225068422	SEPSIS	3	Hospitalised	CD4	ADAM10
C/C	-1.20046715097524	SEPSIS	3	Hospitalised	CD4	ADAM10
C/C	0.9079927861336	SEPSIS	3	Hospitalised	CD4	ADAM10
C/C	-0.103076900066426	SEPSIS	3	Hospitalised	CD4	ADAM10
C/C	-0.702179970294901	SEPSIS	3	Hospitalised	CD4	ADAM10
C/C	-0.405826986542903	SEPSIS	3	Hospitalised	CD4	ADAM10
C/T	-0.829729941822655	SEPSIS	3	Hospitalised	CD4	ADAM10
C/C	0.760310288931156	SEPSIS	3	Hospitalised	CD4	ADAM10
C/C	1.26380821267992	SEPSIS	4	Hospitalised	CD4	ADAM10
T/T	0.46936742588301	SEPSIS	4	Hospitalised	CD4	ADAM10
C/C	0.433022485591072	SEPSIS	3	Hospitalised	CD4	ADAM10
C/T	1.76122551816114	COVID	2	Hospitalised	CD4	ADAM10
C/C	-0.135256132871586	COVID	2	Hospitalised	CD4	ADAM10
C/C	-1.13710572745826	COVID	3	Hospitalised	CD4	ADAM10
C/C	-0.62333135309915	COVID	2	Hospitalised	CD4	ADAM10
C/C	0.257844651584929	COVID	4	Hospitalised	CD4	ADAM10
C/C	0.856711882700723	COVID	2	Hospitalised	CD4	ADAM10
C/C	2.12351951401215	COVID	4	Hospitalised	CD4	ADAM10
C/C	-0.875255748262945	COVID	4	Hospitalised	CD4	ADAM10
C/C	-1.42742241651525	COVID	3	Hospitalised	CD4	ADAM10
C/T	0.668848850051269	COVID	3	Hospitalised	CD4	ADAM10
C/C	-0.923410349460643	COVID	3	Hospitalised	CD4	ADAM10
C/C	0.157727551164806	COVID	3	Hospitalised	CD4	ADAM10
C/C	-0.305495345769971	COVID	3	Hospitalised	CD4	ADAM10
C/C	0.291329475799896	COVID	3	Hospitalised	CD4	ADAM10
C/C	-0.785684092361482	COVID	4	Hospitalised	CD4	ADAM10
C/T	1.91474713756029	COVID	3	Hospitalised	CD4	ADAM10
C/C	-0.476013045299244	COVID	3	Hospitalised	CD4	ADAM10
C/C	1.43864409754204	COVID	2	Hospitalised	CD4	ADAM10
C/C	0.396829392095247	COVID	4	Hospitalised	CD4	ADAM10
C/C	-0.0707306765389835	COVID	3	Hospitalised	CD4	ADAM10
C/C	-0.440860242183506	COVID	4	Hospitalised	CD4	ADAM10
C/C	-1.78720828985559	COVID	3	Hospitalised	CD4	ADAM10
C/C	0.0918466340695276	COVID	3	Hospitalised	CD4	ADAM10
C/C	1.08204019096408	COVID	2	Hospitalised	CD4	ADAM10
C/C	1.53454556625727	COVID	2	Hospitalised	CD4	ADAM10
C/C	-0.00573565955383101	COVID	3	Hospitalised	CD4	ADAM10
C/C	0.361186854974729	COVID	3	Hospitalised	CD4	ADAM10
C/C	0.326341457445028	COVID	2	Hospitalised	CD4	ADAM10
C/C	0.507007468831268	COVID	3	Hospitalised	CD4	ADAM10
C/T	-0.338187961607204	COVID	4	Hospitalised	CD4	ADAM10
C/C	-0.585044787785461	COVID	4	Hospitalised	CD4	ADAM10
C/C	-0.0381225723058721	COVID	3	Hospitalised	CD4	ADAM10
C/C	1.15430569795452	COVID	3	Hospitalised	CD4	ADAM10
C/C	0.807908626184103	COVID	3	Hospitalised	CD4	ADAM10
C/C	-0.23402110340508	COVID	4	Hospitalised	CD4	ADAM10
C/C	0.546179263208949	COVID	3	Hospitalised	CD4	ADAM10
T/T	2.52648500985261	COVID	3	Hospitalised	CD4	ADAM10
C/C	-0.661925616099527	COVID	2	Hospitalised	CD4	ADAM10
C/C	0.627137131737349	COVID	3	Hospitalised	CD4	ADAM10
C/C	0.124094482673864	COVID	2	Hospitalised	CD4	ADAM10
C/C	0.191067663612703	COVID	2	Hospitalised	CD4	ADAM10
C/C	0.71259284300485	COVID	3	Hospitalised	CD4	ADAM10
C/C	0.058814080710864	COVID	2	Hospitalised	CD4	ADAM10
C/C	0.223966649015769	COVID	3	Hospitalised	CD4	ADAM10
