Genotype	Z_Score	Cell	Gene_name	boxplot
G/G	1.76122551816114	CD4	REL	boxplot1
G/G	-0.585044787785461	CD4	REL	boxplot1
G/G	-1.02390818519617	CD4	REL	boxplot1
G/G	-0.971900414978244	CD4	REL	boxplot1
G/G	0.026366173266085	CD4	REL	boxplot1
G/G	-2.40716634934788	CD4	REL	boxplot1
G/G	0.326341457445028	CD4	REL	boxplot1
G/G	-0.103076900066426	CD4	REL	boxplot1
G/G	-0.272029797086632	CD4	REL	boxplot1
G/G	-1.20046715097524	CD4	REL	boxplot1
G/G	-1.6396225068422	CD4	REL	boxplot1
G/G	-0.743312268155702	CD4	REL	boxplot1
G/G	-1.42742241651525	CD4	REL	boxplot1
G/G	-1.26830548763694	CD4	REL	boxplot1
G/G	-0.168085782414742	CD4	REL	boxplot1
G/G	-1.78720828985559	CD4	REL	boxplot1
G/G	-0.476013045299244	CD4	REL	boxplot1
G/G	-1.998175150245	CD4	REL	boxplot1
G/G	1.08204019096408	CD4	REL	boxplot1
G/G	0.507007468831268	CD4	REL	boxplot1
G/G	-1.07906757252144	CD4	REL	boxplot1
G/G	0.0918466340695276	CD4	REL	boxplot1
G/G	0.627137131737349	CD4	REL	boxplot1
G/G	1.15430569795452	CD4	REL	boxplot1
G/G	-0.829729941822655	CD4	REL	boxplot1
G/G	0.962280257313212	CD4	REL	boxplot1
G/G	-0.785684092361482	CD4	REL	boxplot1
G/G	-0.135256132871586	CD4	REL	boxplot1
G/G	-0.440860242183506	CD4	REL	boxplot1
G/G	-0.511683529353592	CD4	REL	boxplot1
G/A	1.43864409754204	CD4	REL	boxplot1
G/A	1.26380821267992	CD4	REL	boxplot1
G/A	0.257844651584929	CD4	REL	boxplot1
G/A	1.63995902849585	CD4	REL	boxplot1
G/A	-0.0707306765389835	CD4	REL	boxplot1
G/A	-0.0381225723058721	CD4	REL	boxplot1
G/A	-0.201075782283189	CD4	REL	boxplot1
G/A	-0.548260281645606	CD4	REL	boxplot1
G/A	-1.3432240073374	CD4	REL	boxplot1
G/A	-1.13710572745826	CD4	REL	boxplot1
G/A	-1.52454827475944	CD4	REL	boxplot1
G/A	0.433022485591072	CD4	REL	boxplot1
G/A	0.058814080710864	CD4	REL	boxplot1
G/A	-0.875255748262945	CD4	REL	boxplot1
G/A	-0.702179970294901	CD4	REL	boxplot1
G/A	1.35084785076514	CD4	REL	boxplot1
G/A	0.124094482673864	CD4	REL	boxplot1
G/A	0.191067663612703	CD4	REL	boxplot1
G/A	0.46936742588301	CD4	REL	boxplot1
G/A	0.396829392095247	CD4	REL	boxplot1
G/A	0.668848850051269	CD4	REL	boxplot1
G/A	0.157727551164806	CD4	REL	boxplot1
G/A	0.9079927861336	CD4	REL	boxplot1
G/A	0.856711882700723	CD4	REL	boxplot1
G/A	-0.00573565955383101	CD4	REL	boxplot1
G/A	0.223966649015769	CD4	REL	boxplot1
G/A	0.760310288931156	CD4	REL	boxplot1
G/A	0.361186854974729	CD4	REL	boxplot1
G/A	1.02098251300266	CD4	REL	boxplot1
G/A	-0.661925616099527	CD4	REL	boxplot1
G/A	0.807908626184103	CD4	REL	boxplot1
G/A	-0.405826986542903	CD4	REL	boxplot1
G/A	-0.62333135309915	CD4	REL	boxplot1
G/A	-0.338187961607204	CD4	REL	boxplot1
G/A	0.546179263208949	CD4	REL	boxplot1
G/A	0.71259284300485	CD4	REL	boxplot1
G/A	-0.23402110340508	CD4	REL	boxplot1
G/A	-0.305495345769971	CD4	REL	boxplot1
G/A	-0.37186646834174	CD4	REL	boxplot1
A/A	2.12351951401215	CD4	REL	boxplot1
A/A	2.52648500985261	CD4	REL	boxplot1
A/A	1.91474713756029	CD4	REL	boxplot1
A/A	-0.923410349460643	CD4	REL	boxplot1
A/A	0.291329475799896	CD4	REL	boxplot1
A/A	1.53454556625727	CD4	REL	boxplot1
A/A	0.5864392150499	CD4	REL	boxplot1
C/C	-1.09747701994536	ncMono	IRF5	boxplot2
C/C	-0.424394717021653	ncMono	IRF5	boxplot2
C/C	-0.245094589595283	ncMono	IRF5	boxplot2
C/C	0.020860498387795	ncMono	IRF5	boxplot2
C/C	0.231703215465465	ncMono	IRF5	boxplot2
C/C	-0.702623745583316	ncMono	IRF5	boxplot2
C/C	-0.945108131076452	ncMono	IRF5	boxplot2
C/C	-0.465988676632126	ncMono	IRF5	boxplot2
C/C	-2.74094089052624	ncMono	IRF5	boxplot2
C/C	-0.876942598640629	ncMono	IRF5	boxplot2
C/C	-1.19110775523908	ncMono	IRF5	boxplot2
C/C	-1.60291687344097	ncMono	IRF5	boxplot2
C/C	-0.816582598226897	ncMono	IRF5	boxplot2
C/C	-0.150673344085653	ncMono	IRF5	boxplot2
C/C	-2.16204349806987	ncMono	IRF5	boxplot2
C/C	-1.01637075234375	ncMono	IRF5	boxplot2
C/C	-1.82221783068222	ncMono	IRF5	boxplot2
C/C	-0.554755521287015	ncMono	IRF5	boxplot2
C/C	0.0751301777666254	ncMono	IRF5	boxplot2
C/G	1.15620570260994	ncMono	IRF5	boxplot2
C/G	-0.278778678159982	ncMono	IRF5	boxplot2
C/G	-0.509079399017769	ncMono	IRF5	boxplot2
C/G	0.554698738023451	ncMono	IRF5	boxplot2
C/G	0.781417028178059	ncMono	IRF5	boxplot2
C/G	1.09592962011831	ncMono	IRF5	boxplot2
C/G	0.646434157439677	ncMono	IRF5	boxplot2
C/G	0.711610209368147	ncMono	IRF5	boxplot2
C/G	0.526051612447148	ncMono	IRF5	boxplot2
C/G	-0.0918676222010518	ncMono	IRF5	boxplot2
C/G	-0.00675660168308254	ncMono	IRF5	boxplot2
C/G	-0.062527406475682	ncMono	IRF5	boxplot2
C/G	1.04086601086255	ncMono	IRF5	boxplot2
C/G	-3.87678075963865	ncMono	IRF5	boxplot2
C/G	-0.311712615153259	ncMono	IRF5	boxplot2
C/G	0.584539090832626	ncMono	IRF5	boxplot2
C/G	0.102051192877976	ncMono	IRF5	boxplot2
C/G	0.469956334108182	ncMono	IRF5	boxplot2
C/G	0.389421446941951	ncMono	IRF5	boxplot2
C/G	-0.757024259588744	ncMono	IRF5	boxplot2
C/G	1.52793098773248	ncMono	IRF5	boxplot2
C/G	0.988275989755228	ncMono	IRF5	boxplot2
C/G	0.857134055214116	ncMono	IRF5	boxplot2
C/G	-0.12078183659256	ncMono	IRF5	boxplot2
C/G	0.0479084937961122	ncMono	IRF5	boxplot2
C/G	0.127949508370053	ncMono	IRF5	boxplot2
C/G	1.22488143913571	ncMono	IRF5	boxplot2
C/G	-1.43239655827895	ncMono	IRF5	boxplot2
C/G	-0.347872660830455	ncMono	IRF5	boxplot2
C/G	-0.18154766619227	ncMono	IRF5	boxplot2
C/G	-1.30204943482201	ncMono	IRF5	boxplot2
C/G	-0.651107234024171	ncMono	IRF5	boxplot2
C/G	0.941734141591958	ncMono	IRF5	boxplot2
C/G	-0.213264410487541	ncMono	IRF5	boxplot2
C/G	0.442776084021158	ncMono	IRF5	boxplot2
C/G	-0.601704931585557	ncMono	IRF5	boxplot2
C/G	0.205488326781415	ncMono	IRF5	boxplot2
C/G	0.746033701626072	ncMono	IRF5	boxplot2
C/G	0.154005993488333	ncMono	IRF5	boxplot2
C/G	-0.0340475070187528	ncMono	IRF5	boxplot2
C/G	0.336907995156323	ncMono	IRF5	boxplot2
G/G	0.678288150851437	ncMono	IRF5	boxplot2
G/G	2.23439305875436	ncMono	IRF5	boxplot2
G/G	1.73437432470261	ncMono	IRF5	boxplot2
G/G	0.363161378769607	ncMono	IRF5	boxplot2
G/G	0.497980751411252	ncMono	IRF5	boxplot2
G/G	0.31065190298476	ncMono	IRF5	boxplot2
G/G	0.284982403031002	ncMono	IRF5	boxplot2
G/G	0.818954140282068	ncMono	IRF5	boxplot2
G/G	0.25822980737444	ncMono	IRF5	boxplot2
G/G	0.179635728954327	ncMono	IRF5	boxplot2
G/G	1.3993420710878	ncMono	IRF5	boxplot2
G/G	0.898373876775366	ncMono	IRF5	boxplot2
G/G	0.614841992599636	ncMono	IRF5	boxplot2
G/G	-0.385412970301911	ncMono	IRF5	boxplot2
G/G	1.30288019865188	ncMono	IRF5	boxplot2
G/G	0.415959556121495	ncMono	IRF5	boxplot2
G/G	-0.57816676731301	CD8	TRAF1	boxplot3
G/G	0.953847988309207	CD8	TRAF1	boxplot3
G/G	0.391264869221109	CD8	TRAF1	boxplot3
G/G	-1.60391150474472	CD8	TRAF1	boxplot3
G/G	1.21519046147163	CD8	TRAF1	boxplot3
G/G	-1.48277897857768	CD8	TRAF1	boxplot3
G/G	0.853568251340655	CD8	TRAF1	boxplot3
G/G	-1.38225281638524	CD8	TRAF1	boxplot3
G/G	0.292808705789783	CD8	TRAF1	boxplot3
G/G	-0.464481071028642	CD8	TRAF1	boxplot3
G/G	-0.501453213520677	CD8	TRAF1	boxplot3
G/G	-2.19686579870905	CD8	TRAF1	boxplot3
G/G	-1.06779327976042	CD8	TRAF1	boxplot3
G/G	-1.00454072108637	CD8	TRAF1	boxplot3
G/G	-0.186170641218001	CD8	TRAF1	boxplot3
G/G	-1.21115340549967	CD8	TRAF1	boxplot3
G/A	-0.25517240580811	CD8	TRAF1	boxplot3
G/A	-0.322549905398834	CD8	TRAF1	boxplot3
G/A	1.29265258225886	CD8	TRAF1	boxplot3
G/A	-0.74614985391978	CD8	TRAF1	boxplot3
G/A	0.458548243476008	CD8	TRAF1	boxplot3
G/A	1.68320573072404	CD8	TRAF1	boxplot3
G/A	1.3765303035695	CD8	TRAF1	boxplot3
G/A	0.527528313016481	CD8	TRAF1	boxplot3
G/A	-1.75110369440655	CD8	TRAF1	boxplot3
G/A	1.56960646015779	CD8	TRAF1	boxplot3
G/A	0.227864775630309	CD8	TRAF1	boxplot3
G/A	0.763365550272173	CD8	TRAF1	boxplot3
G/A	0.260361668913547	CD8	TRAF1	boxplot3
G/A	-0.539720866014494	CD8	TRAF1	boxplot3
G/A	-0.392294061120616	CD8	TRAF1	boxplot3
G/A	0.0689332838686876	CD8	TRAF1	boxplot3
G/A	0.902452004675641	CD8	TRAF1	boxplot3
G/A	0.100303363534628	CD8	TRAF1	boxplot3
G/A	0.679732125433474	CD8	TRAF1	boxplot3
G/A	-0.792711018205184	CD8	TRAF1	boxplot3
G/A	0.807500910174335	CD8	TRAF1	boxplot3
G/A	0.0059232071592585	CD8	TRAF1	boxplot3
G/A	-0.288558441968638	CD8	TRAF1	boxplot3
G/A	-0.0254977649229969	CD8	TRAF1	boxplot3
G/A	0.424653766592854	CD8	TRAF1	boxplot3
G/A	-1.29162524035964	CD8	TRAF1	boxplot3
G/A	0.72082440465039	CD8	TRAF1	boxplot3
G/A	-0.428218623581564	CD8	TRAF1	boxplot3
G/A	0.163295529860667	CD8	TRAF1	boxplot3
G/A	-0.618063153653795	CD8	TRAF1	boxplot3
G/A	0.0373085213377373	CD8	TRAF1	boxplot3
G/A	-1.13678311990161	CD8	TRAF1	boxplot3
G/A	-1.93135373017852	CD8	TRAF1	boxplot3
G/A	1.82129893253487	CD8	TRAF1	boxplot3
G/A	-2.6859261527044	CD8	TRAF1	boxplot3
G/A	-0.659310292556854	CD8	TRAF1	boxplot3
G/A	-0.84080688872179	CD8	TRAF1	boxplot3
G/A	-0.121060531398346	CD8	TRAF1	boxplot3
A/A	0.358604699154223	CD8	TRAF1	boxplot3
A/A	0.640708655195223	CD8	TRAF1	boxplot3
A/A	1.06790373777391	CD8	TRAF1	boxplot3
A/A	1.13447440949311	CD8	TRAF1	boxplot3
A/A	0.56370780217477	CD8	TRAF1	boxplot3
A/A	0.131123939752502	CD8	TRAF1	boxplot3
A/A	-0.891426000954769	CD8	TRAF1	boxplot3
A/A	-0.0890654928055712	CD8	TRAF1	boxplot3
A/A	1.46836514962732	CD8	TRAF1	boxplot3
A/A	-0.356923602696097	CD8	TRAF1	boxplot3
A/A	0.602054478375391	CD8	TRAF1	boxplot3
A/A	1.00898336090798	CD8	TRAF1	boxplot3
A/A	-0.153373739804053	CD8	TRAF1	boxplot3
A/A	-0.946018030669845	CD8	TRAF1	boxplot3
A/A	0.325429909845932	CD8	TRAF1	boxplot3
A/A	2.32992394173253	CD8	TRAF1	boxplot3
A/A	-0.701403425891072	CD8	TRAF1	boxplot3
A/A	0.492811775773564	CD8	TRAF1	boxplot3
A/A	0.195824495172455	CD8	TRAF1	boxplot3
A/A	-0.222047231296296	CD8	TRAF1	boxplot3
A/A	-0.0568995921144969	CD8	TRAF1	boxplot3
A/A	2.00514474994484	CD8	TRAF1	boxplot3
